route,direction,scheduled,actual,minutes_late
C,northbound,2016-03-26 06:30:28,2016-03-26 06:26:04,-4.4
C,northbound,2016-03-26 01:05:25,2016-03-26 01:10:15,4.833333333333333
C,northbound,2016-03-26 21:00:25,2016-03-26 21:05:00,4.583333333333333
C,northbound,2016-03-26 22:30:25,2016-03-26 22:34:28,4.05
C,northbound,2016-03-26 20:15:25,2016-03-26 20:23:39,8.233333333333333
C,northbound,2016-03-26 18:03:28,2016-03-26 18:02:17,-1.1833333333333333
C,northbound,2016-03-26 15:39:28,2016-03-26 15:44:43,5.25
C,northbound,2016-03-26 13:15:28,2016-03-26 13:16:34,1.1
C,northbound,2016-03-26 10:49:28,2016-03-26 10:56:56,7.466666666666667
C,northbound,2016-03-26 08:49:28,2016-03-26 08:51:39,2.183333333333333
C,northbound,2016-03-26 06:45:28,2016-03-26 06:46:12,0.7333333333333333
C,northbound,2016-03-26 18:51:28,2016-03-26 18:48:58,-2.5
C,northbound,2016-03-26 16:27:28,2016-03-26 16:31:41,4.216666666666667
C,northbound,2016-03-26 11:39:28,2016-03-26 11:36:48,-2.6666666666666665
C,northbound,2016-03-26 09:25:28,2016-03-26 09:23:32,-1.9333333333333333
C,northbound,2016-03-26 07:15:28,2016-03-26 07:12:48,-2.6666666666666665
C,northbound,2016-03-26 05:25:28,2016-03-26 05:24:49,-0.65
C,northbound,2016-03-26 17:39:28,2016-03-26 17:43:42,4.233333333333333
C,northbound,2016-03-26 12:51:28,2016-03-26 12:51:28,0.0
C,northbound,2016-03-26 15:15:28,2016-03-26 15:18:33,3.0833333333333335
C,northbound,2016-03-26 10:25:28,2016-03-26 10:27:32,2.066666666666667
C,northbound,2016-03-26 08:24:28,2016-03-26 08:22:24,-2.066666666666667
C,northbound,2016-03-26 06:15:28,2016-03-26 06:16:59,1.5166666666666666
C,northbound,2016-03-26 02:10:25,2016-03-26 02:19:10,8.75
C,northbound,2016-03-26 00:00:25,2016-03-26 00:05:01,4.6
C,northbound,2016-03-26 21:45:25,2016-03-26 21:51:08,5.716666666666667
C,northbound,2016-03-26 17:03:28,2016-03-26 17:02:27,-1.0166666666666666
C,northbound,2016-03-26 14:39:28,2016-03-26 14:39:50,0.36666666666666664
C,northbound,2016-03-26 12:15:28,2016-03-26 12:16:31,1.05
C,northbound,2016-03-26 22:00:25,2016-03-26 22:01:05,0.6666666666666666
C,northbound,2016-03-26 19:45:25,2016-03-26 19:47:49,2.4
C,northbound,2016-03-26 17:27:28,2016-03-26 17:27:45,0.2833333333333333
C,northbound,2016-03-26 15:03:28,2016-03-26 15:05:51,2.3833333333333333
C,northbound,2016-03-26 12:39:28,2016-03-26 12:43:47,4.316666666666666
C,northbound,2016-03-26 10:13:28,2016-03-26 10:16:27,2.9833333333333334
C,northbound,2016-03-26 08:12:28,2016-03-26 08:13:49,1.35
C,northbound,2016-03-26 19:30:25,2016-03-26 19:31:31,1.1
C,northbound,2016-03-26 17:15:28,2016-03-26 17:10:25,-5.05
C,northbound,2016-03-26 14:51:28,2016-03-26 14:50:11,-1.2833333333333334
C,northbound,2016-03-26 12:27:28,2016-03-26 12:23:39,-3.816666666666667
C,northbound,2016-03-26 10:01:28,2016-03-26 09:58:08,-3.3333333333333335
C,northbound,2016-03-26 08:00:28,2016-03-26 07:56:45,-3.716666666666667
C,northbound,2016-03-26 06:00:28,2016-03-26 05:59:21,-1.1166666666666667
C,northbound,2016-03-26 18:27:28,2016-03-26 18:27:50,0.36666666666666664
C,northbound,2016-03-26 16:03:28,2016-03-26 16:04:33,1.0833333333333333
C,northbound,2016-03-26 13:39:28,2016-03-26 13:37:30,-1.9666666666666666
C,northbound,2016-03-26 11:15:28,2016-03-26 11:19:37,4.15
C,northbound,2016-03-26 09:13:28,2016-03-26 09:12:49,-0.65
C,northbound,2016-03-26 07:00:28,2016-03-26 06:59:35,-0.8833333333333333
C,northbound,2016-03-26 23:00:25,2016-03-26 23:08:48,8.383333333333333
C,northbound,2016-03-26 20:45:25,2016-03-26 20:51:18,5.883333333333334
C,northbound,2016-03-26 18:39:28,2016-03-26 18:43:29,4.016666666666667
C,northbound,2016-03-26 13:51:28,2016-03-26 13:51:42,0.23333333333333334
C,northbound,2016-04-01 16:26:33,2016-04-01 16:33:16,6.716666666666667
C,northbound,2016-04-01 13:57:31,2016-04-01 13:53:14,-4.283333333333333
C,northbound,2016-04-01 11:45:28,2016-04-01 11:44:31,-0.95
C,northbound,2016-04-01 09:18:28,2016-04-01 09:11:04,-7.4
C,northbound,2016-04-01 06:54:31,2016-04-01 06:52:57,-1.5666666666666667
C,northbound,2016-04-01 16:33:33,2016-04-01 16:34:56,1.3833333333333333
C,northbound,2016-04-01 14:09:31,2016-04-01 14:11:45,2.2333333333333334
C,northbound,2016-04-01 11:57:28,2016-04-01 11:58:00,0.5333333333333333
C,northbound,2016-04-01 09:35:28,2016-04-01 09:38:03,2.5833333333333335
C,northbound,2016-04-01 07:18:31,2016-04-01 07:18:41,0.16666666666666666
C,northbound,2016-04-01 16:47:33,2016-04-01 16:48:28,0.9166666666666666
C,northbound,2016-04-01 14:20:31,2016-04-01 14:26:22,5.85
C,northbound,2016-04-01 12:09:28,2016-04-01 12:08:37,-0.85
C,northbound,2016-04-01 09:45:28,2016-04-01 09:44:11,-1.2833333333333334
C,northbound,2016-04-01 07:33:31,2016-04-01 07:36:35,3.066666666666667
C,northbound,2016-04-01 18:19:31,2016-04-01 18:16:55,-2.6
C,northbound,2016-04-01 15:58:31,2016-04-01 16:04:54,6.383333333333334
C,northbound,2016-04-01 17:44:33,2016-04-01 17:49:51,5.3
C,northbound,2016-04-01 15:17:31,2016-04-01 15:17:19,-0.2
C,northbound,2016-04-01 10:33:28,2016-04-01 10:29:06,-4.366666666666666
C,northbound,2016-04-01 08:22:31,2016-04-01 08:23:25,0.9
C,northbound,2016-04-01 09:02:31,2016-04-01 09:03:30,0.9833333333333333
C,northbound,2016-03-31 08:44:31,2016-03-31 08:45:32,1.0166666666666666
C,northbound,2016-03-31 06:30:31,2016-03-31 06:29:16,-1.25
C,northbound,2016-03-31 22:45:25,2016-03-31 22:46:20,0.9166666666666666
C,northbound,2016-03-31 20:27:25,2016-03-31 20:32:38,5.216666666666667
C,northbound,2016-03-31 18:10:31,2016-03-31 18:15:25,4.9
C,northbound,2016-03-31 15:50:31,2016-03-31 15:48:16,-2.25
C,northbound,2016-03-31 13:33:28,2016-03-31 13:29:49,-3.65
C,northbound,2016-03-31 11:09:28,2016-03-31 11:04:26,-5.033333333333333
C,northbound,2016-03-31 08:51:31,2016-03-31 08:54:29,2.966666666666667
C,northbound,2016-03-31 08:17:31,2016-03-31 08:27:36,10.083333333333334
C,northbound,2016-03-31 18:01:31,2016-03-31 18:01:57,0.43333333333333335
C,northbound,2016-03-31 15:34:31,2016-03-31 15:33:58,-0.55
C,northbound,2016-03-31 11:33:28,2016-03-31 11:30:26,-3.033333333333333
C,northbound,2016-03-31 09:10:28,2016-03-31 09:08:04,-2.4
C,northbound,2016-03-31 06:46:31,2016-03-31 06:44:13,-2.3
C,northbound,2016-03-31 08:56:31,2016-03-31 08:55:42,-0.8166666666666667
C,northbound,2016-03-31 23:30:25,2016-03-31 23:32:29,2.066666666666667
C,northbound,2016-03-31 21:15:25,2016-03-31 21:26:31,11.1
C,northbound,2016-03-31 18:57:28,2016-03-31 18:59:23,1.9166666666666667
C,northbound,2016-03-31 04:35:25,2016-03-31 04:35:43,0.3
C,northbound,2016-03-31 02:10:25,2016-03-31 02:11:44,1.3166666666666667
C,northbound,2016-03-31 15:17:31,2016-03-31 15:19:47,2.2666666666666666
C,northbound,2016-03-30 13:21:28,2016-03-30 13:16:58,-4.5
C,northbound,2016-03-30 10:57:28,2016-03-30 10:54:15,-3.216666666666667
C,northbound,2016-03-30 08:44:31,2016-03-30 08:45:30,0.9833333333333333
C,northbound,2016-03-30 06:30:31,2016-03-30 06:33:29,2.966666666666667
C,northbound,2016-03-30 00:30:25,2016-03-30 00:30:16,-0.15
C,northbound,2016-03-30 22:15:25,2016-03-30 22:26:12,10.783333333333333
C,northbound,2016-03-30 17:29:33,2016-03-30 17:37:48,8.25
C,northbound,2016-03-30 15:01:31,2016-03-30 15:06:01,4.5
C,northbound,2016-03-30 19:07:28,2016-03-30 19:06:01,-1.45
C,northbound,2016-03-30 16:54:33,2016-03-30 16:57:08,2.5833333333333335
C,northbound,2016-03-30 23:30:25,2016-03-30 23:34:27,4.033333333333333
C,northbound,2016-03-30 21:15:25,2016-03-30 21:18:36,3.183333333333333
C,northbound,2016-03-30 18:57:28,2016-03-30 18:57:23,-0.08333333333333333
C,northbound,2016-03-30 16:40:33,2016-03-30 16:48:16,7.716666666666667
C,northbound,2016-03-30 07:51:31,2016-03-30 07:57:44,6.216666666666667
C,northbound,2016-03-30 08:02:31,2016-03-30 08:09:43,7.2
C,northbound,2016-03-30 21:30:25,2016-03-30 21:31:33,1.1333333333333333
C,northbound,2016-03-30 19:17:28,2016-03-30 19:28:28,11.0
C,northbound,2016-03-30 17:01:33,2016-03-30 17:07:01,5.466666666666667
C,northbound,2016-03-30 13:45:31,2016-03-30 13:42:11,-3.3333333333333335
C,northbound,2016-03-30 11:21:28,2016-03-30 11:18:12,-3.2666666666666666
C,northbound,2016-03-30 16:05:33,2016-03-30 16:06:10,0.6166666666666667
C,northbound,2016-03-29 14:09:31,2016-03-29 14:11:05,1.5666666666666667
C,northbound,2016-03-29 11:57:28,2016-03-29 11:53:08,-4.333333333333333
C,northbound,2016-03-29 09:35:28,2016-03-29 09:39:31,4.05
C,northbound,2016-03-29 07:18:31,2016-03-29 07:23:06,4.583333333333333
C,northbound,2016-03-29 23:30:25,2016-03-29 23:34:16,3.85
C,northbound,2016-03-29 21:15:25,2016-03-29 21:17:23,1.9666666666666666
C,northbound,2016-03-29 18:57:28,2016-03-29 18:55:02,-2.433333333333333
C,northbound,2016-03-29 16:40:33,2016-03-29 16:43:43,3.1666666666666665
C,northbound,2016-03-29 11:09:28,2016-03-29 11:08:49,-0.65
C,northbound,2016-03-29 08:51:31,2016-03-29 08:54:26,2.9166666666666665
C,northbound,2016-03-29 21:30:25,2016-03-29 21:30:11,-0.23333333333333334
C,northbound,2016-03-29 17:01:33,2016-03-29 16:58:54,-2.65
C,northbound,2016-03-29 08:38:31,2016-03-29 08:39:28,0.95
C,northbound,2016-03-29 06:20:25,2016-03-29 06:21:31,1.1
C,northbound,2016-03-29 18:19:31,2016-03-29 18:19:44,0.21666666666666667
C,northbound,2016-03-29 15:58:31,2016-03-29 15:56:21,-2.1666666666666665
C,northbound,2016-03-29 08:17:31,2016-03-29 08:21:33,4.033333333333333
C,northbound,2016-03-29 22:45:25,2016-03-29 22:43:38,-1.7833333333333334
C,northbound,2016-03-29 20:27:25,2016-03-29 20:30:11,2.7666666666666666
C,northbound,2016-03-29 07:51:31,2016-03-29 07:54:51,3.3333333333333335
C,northbound,2016-03-28 07:10:31,2016-03-28 07:12:37,2.1
C,northbound,2016-03-28 05:05:25,2016-03-28 05:06:24,0.9833333333333333
C,northbound,2016-03-28 17:15:33,2016-03-28 17:12:50,-2.716666666666667
C,northbound,2016-03-28 14:42:31,2016-03-28 14:48:10,5.65
C,northbound,2016-03-28 12:21:28,2016-03-28 12:18:23,-3.0833333333333335
C,northbound,2016-03-28 09:57:28,2016-03-28 09:54:36,-2.8666666666666667
C,northbound,2016-03-28 07:41:31,2016-03-28 07:42:27,0.9333333333333333
C,northbound,2016-03-28 22:00:25,2016-03-28 22:03:33,3.1333333333333333
C,northbound,2016-03-28 19:30:28,2016-03-28 19:31:29,1.0166666666666666
C,northbound,2016-03-28 17:08:33,2016-03-28 17:09:15,0.7
C,northbound,2016-03-28 07:47:31,2016-03-28 07:53:15,5.733333333333333
C,northbound,2016-03-28 18:19:31,2016-03-28 18:18:10,-1.35
C,northbound,2016-03-28 15:58:31,2016-03-28 16:00:11,1.6666666666666667
C,northbound,2016-03-28 08:17:31,2016-03-28 08:21:37,4.1
C,northbound,2016-03-28 17:37:33,2016-03-28 17:38:30,0.95
C,northbound,2016-03-28 15:09:31,2016-03-28 15:09:16,-0.25
C,northbound,2016-03-28 12:45:28,2016-03-28 12:43:43,-1.75
C,northbound,2016-03-28 10:21:28,2016-03-28 10:19:40,-1.8
C,northbound,2016-03-28 08:06:31,2016-03-28 08:12:30,5.983333333333333
C,northbound,2016-03-28 03:25:25,2016-03-28 03:20:03,-5.366666666666666
C,northbound,2016-03-28 01:05:25,2016-03-28 01:04:48,-0.6166666666666667
C,northbound,2016-03-28 09:45:28,2016-03-28 09:42:59,-2.4833333333333334
C,northbound,2016-03-27 16:45:28,2016-03-27 16:40:54,-4.566666666666666
C,northbound,2016-03-27 14:15:28,2016-03-27 14:11:30,-3.966666666666667
C,northbound,2016-03-27 07:15:28,2016-03-27 07:10:05,-5.383333333333334
C,northbound,2016-03-27 09:15:28,2016-03-27 09:06:03,-9.416666666666666
C,northbound,2016-03-27 01:05:25,2016-03-27 01:05:01,-0.4
C,northbound,2016-03-27 23:00:25,2016-03-27 22:59:45,-0.6666666666666666
C,northbound,2016-03-27 20:45:25,2016-03-27 20:50:17,4.866666666666666
C,northbound,2016-03-27 18:30:28,2016-03-27 18:28:59,-1.4833333333333334
C,northbound,2016-03-27 16:00:28,2016-03-27 15:56:48,-3.6666666666666665
C,northbound,2016-03-27 13:30:28,2016-03-27 13:30:24,-0.06666666666666667
C,northbound,2016-03-27 11:00:28,2016-03-27 10:57:45,-2.716666666666667
C,northbound,2016-03-27 08:30:28,2016-03-27 08:27:42,-2.7666666666666666
C,northbound,2016-03-27 06:30:28,2016-03-27 06:30:22,-0.1
C,northbound,2016-03-27 14:30:28,2016-03-27 14:24:56,-5.533333333333333
C,northbound,2016-03-27 12:00:28,2016-03-27 11:58:22,-2.1
C,northbound,2016-03-27 09:30:28,2016-03-27 09:27:50,-2.6333333333333333
C,northbound,2016-03-27 05:25:28,2016-03-27 05:25:01,-0.45
C,northbound,2016-03-27 07:30:28,2016-03-27 07:27:38,-2.8333333333333335
C,northbound,2016-03-27 19:30:25,2016-03-27 19:32:49,2.4
C,northbound,2016-03-27 17:15:28,2016-03-27 17:14:12,-1.2666666666666666
C,northbound,2016-03-27 14:45:28,2016-03-27 14:40:28,-5.0
C,northbound,2016-03-27 12:15:28,2016-03-27 12:11:46,-3.7
C,northbound,2016-03-27 09:45:28,2016-03-27 09:41:48,-3.6666666666666665
C,northbound,2016-03-27 22:00:25,2016-03-27 22:05:03,4.633333333333334
C,northbound,2016-03-27 19:45:25,2016-03-27 19:50:20,4.916666666666667
C,northbound,2016-03-27 17:30:28,2016-03-27 17:25:04,-5.4
C,northbound,2016-03-27 15:00:28,2016-03-27 14:55:33,-4.916666666666667
C,northbound,2016-03-27 12:30:28,2016-03-27 12:25:00,-5.466666666666667
C,northbound,2016-03-27 10:00:28,2016-03-27 09:54:21,-6.116666666666666
C,northbound,2016-03-27 05:45:28,2016-03-27 05:42:17,-3.183333333333333
C,northbound,2016-03-27 00:30:25,2016-03-27 00:27:42,-2.716666666666667
C,northbound,2016-03-27 22:30:25,2016-03-27 22:33:15,2.8333333333333335
C,northbound,2016-03-27 20:15:25,2016-03-27 20:15:50,0.4166666666666667
C,northbound,2016-03-27 18:00:28,2016-03-27 18:00:55,0.45
C,northbound,2016-03-27 15:30:28,2016-03-27 15:24:50,-5.633333333333334
C,northbound,2016-03-27 13:00:28,2016-03-27 12:55:38,-4.833333333333333
C,northbound,2016-03-27 10:30:28,2016-03-27 10:24:56,-5.533333333333333
C,northbound,2016-03-27 08:00:28,2016-03-27 07:58:24,-2.066666666666667
C,northbound,2016-03-27 06:00:28,2016-03-27 05:59:38,-0.8333333333333334
C,northbound,2016-03-27 23:30:25,2016-03-27 23:31:35,1.1666666666666667
C,northbound,2016-03-27 21:15:25,2016-03-27 21:18:18,2.8833333333333333
C,northbound,2016-03-27 19:00:25,2016-03-27 18:58:08,-2.283333333333333
C,northbound,2016-03-27 16:30:28,2016-03-27 16:26:28,-4.0
C,northbound,2016-03-27 14:00:28,2016-03-27 13:57:05,-3.3833333333333333
C,northbound,2016-03-27 11:30:28,2016-03-27 11:27:14,-3.2333333333333334
C,northbound,2016-03-27 09:00:28,2016-03-27 09:02:37,2.15
C,northbound,2016-03-27 07:00:28,2016-03-27 06:59:42,-0.7666666666666667
C,northbound,2016-03-27 22:45:25,2016-03-27 22:45:01,-0.4
C,northbound,2016-03-27 20:30:25,2016-03-27 20:31:33,1.1333333333333333
C,northbound,2016-03-27 18:15:28,2016-03-27 18:15:22,-0.1
C,northbound,2016-03-27 13:15:28,2016-03-27 13:08:46,-6.7
C,northbound,2016-04-08 23:30:25,2016-04-08 23:24:44,-5.683333333333334
C,northbound,2016-04-08 21:15:25,2016-04-08 21:11:39,-3.7666666666666666
C,northbound,2016-04-08 18:57:28,2016-04-08 18:51:15,-6.216666666666667
C,northbound,2016-04-08 16:40:33,2016-04-08 16:38:20,-2.216666666666667
C,northbound,2016-04-08 22:45:25,2016-04-08 22:44:54,-0.5166666666666667
C,northbound,2016-04-08 20:27:25,2016-04-08 20:28:37,1.2
C,northbound,2016-04-08 18:10:31,2016-04-08 18:09:49,-0.7
C,northbound,2016-04-08 15:50:31,2016-04-08 15:48:21,-2.1666666666666665
C,northbound,2016-04-08 13:33:28,2016-04-08 13:30:19,-3.15
C,northbound,2016-04-08 11:09:28,2016-04-08 11:05:40,-3.8
C,northbound,2016-04-08 08:51:31,2016-04-08 09:02:06,10.583333333333334
C,northbound,2016-04-08 16:47:33,2016-04-08 16:51:11,3.6333333333333333
C,northbound,2016-04-08 14:20:31,2016-04-08 14:23:35,3.066666666666667
C,northbound,2016-04-08 12:09:28,2016-04-08 12:07:40,-1.8
C,northbound,2016-04-08 09:45:28,2016-04-08 09:50:18,4.833333333333333
C,northbound,2016-04-08 07:33:31,2016-04-08 07:35:03,1.5333333333333334
C,northbound,2016-04-08 18:47:31,2016-04-08 18:50:20,2.816666666666667
C,northbound,2016-04-08 16:26:33,2016-04-08 16:33:13,6.666666666666667
C,northbound,2016-04-08 13:57:31,2016-04-08 13:53:08,-4.383333333333334
C,northbound,2016-04-08 09:18:28,2016-04-08 09:15:32,-2.933333333333333
C,northbound,2016-04-08 06:54:31,2016-04-08 06:51:30,-3.0166666666666666
C,northbound,2016-04-08 11:21:28,2016-04-08 11:18:15,-3.216666666666667
C,northbound,2016-04-07 22:30:25,2016-04-07 22:30:11,-0.23333333333333334
C,northbound,2016-04-07 20:15:25,2016-04-07 20:15:32,0.11666666666666667
C,northbound,2016-04-07 17:52:33,2016-04-07 17:57:25,4.866666666666666
C,northbound,2016-04-07 15:24:31,2016-04-07 15:35:11,10.666666666666666
C,northbound,2016-04-07 13:09:28,2016-04-07 13:07:37,-1.85
C,northbound,2016-04-07 10:45:28,2016-04-07 10:54:13,8.75
C,northbound,2016-04-07 08:32:31,2016-04-07 08:32:03,-0.4666666666666667
C,northbound,2016-04-07 22:00:25,2016-04-07 21:56:51,-3.566666666666667
C,northbound,2016-04-07 19:30:28,2016-04-07 19:37:47,7.316666666666666
C,northbound,2016-04-07 17:08:33,2016-04-07 17:12:18,3.75
C,northbound,2016-04-07 18:01:31,2016-04-07 18:09:48,8.283333333333333
C,northbound,2016-04-07 15:34:31,2016-04-07 15:49:53,15.366666666666667
C,northbound,2016-04-07 06:46:31,2016-04-07 06:41:10,-5.35
C,northbound,2016-04-07 17:37:33,2016-04-07 17:42:49,5.266666666666667
C,northbound,2016-04-07 15:09:31,2016-04-07 15:19:42,10.183333333333334
C,northbound,2016-04-07 12:45:28,2016-04-07 12:44:58,-0.5
C,northbound,2016-04-07 10:21:28,2016-04-07 10:22:17,0.8166666666666667
C,northbound,2016-04-07 08:06:31,2016-04-07 08:06:42,0.18333333333333332
C,northbound,2016-04-07 06:00:25,2016-04-07 06:02:11,1.7666666666666666
C,northbound,2016-04-07 08:17:31,2016-04-07 08:23:04,5.55
C,northbound,2016-04-07 16:47:33,2016-04-07 16:50:25,2.8666666666666667
C,northbound,2016-04-07 11:33:28,2016-04-07 11:31:33,-1.9166666666666667
C,northbound,2016-04-06 07:28:31,2016-04-06 07:41:14,12.716666666666667
C,northbound,2016-04-06 09:25:28,2016-04-06 09:40:40,15.2
C,northbound,2016-04-06 07:02:31,2016-04-06 07:12:47,10.266666666666667
C,northbound,2016-04-06 21:30:25,2016-04-06 21:28:24,-2.0166666666666666
C,northbound,2016-04-06 19:17:28,2016-04-06 19:17:47,0.31666666666666665
C,northbound,2016-04-06 17:01:33,2016-04-06 17:00:15,-1.3
C,northbound,2016-04-06 07:51:31,2016-04-06 07:54:11,2.6666666666666665
C,northbound,2016-04-06 20:00:25,2016-04-06 20:03:28,3.05
C,northbound,2016-04-06 17:29:33,2016-04-06 17:30:31,0.9666666666666667
C,northbound,2016-04-06 15:01:31,2016-04-06 15:04:45,3.2333333333333334
C,northbound,2016-04-06 08:12:31,2016-04-06 08:20:18,7.783333333333333
C,northbound,2016-04-06 17:15:33,2016-04-06 17:17:04,1.5166666666666666
C,northbound,2016-04-06 14:42:31,2016-04-06 14:46:00,3.4833333333333334
C,northbound,2016-04-06 12:21:28,2016-04-06 12:19:45,-1.7166666666666666
C,northbound,2016-04-06 09:57:28,2016-04-06 10:02:12,4.733333333333333
C,northbound,2016-04-06 07:41:31,2016-04-06 07:48:33,7.033333333333333
C,northbound,2016-04-06 22:45:25,2016-04-06 22:45:00,-0.4166666666666667
C,northbound,2016-04-06 17:37:33,2016-04-06 17:40:13,2.6666666666666665
C,northbound,2016-04-06 15:09:31,2016-04-06 15:09:16,-0.25
C,northbound,2016-04-06 10:21:28,2016-04-06 10:15:33,-5.916666666666667
C,northbound,2016-04-06 08:06:31,2016-04-06 08:08:04,1.55
C,northbound,2016-04-06 16:33:33,2016-04-06 16:32:25,-1.1333333333333333
C,northbound,2016-04-05 12:09:28,2016-04-05 12:08:50,-0.6333333333333333
C,northbound,2016-04-05 09:45:28,2016-04-05 09:50:13,4.75
C,northbound,2016-04-05 07:33:31,2016-04-05 07:41:02,7.516666666666667
C,northbound,2016-04-05 16:33:33,2016-04-05 16:30:55,-2.6333333333333333
C,northbound,2016-04-05 14:09:31,2016-04-05 14:07:46,-1.75
C,northbound,2016-04-05 11:57:28,2016-04-05 11:56:33,-0.9166666666666666
C,northbound,2016-04-05 09:35:28,2016-04-05 09:41:31,6.05
C,northbound,2016-04-05 07:18:31,2016-04-05 07:20:26,1.9166666666666667
C,northbound,2016-04-05 00:30:25,2016-04-05 00:29:00,-1.4166666666666667
C,northbound,2016-04-05 22:15:25,2016-04-05 22:16:26,1.0166666666666666
C,northbound,2016-04-05 20:00:25,2016-04-05 20:03:58,3.55
C,northbound,2016-04-05 17:29:33,2016-04-05 17:34:42,5.15
C,northbound,2016-04-05 15:01:31,2016-04-05 15:04:42,3.183333333333333
C,northbound,2016-04-05 17:37:33,2016-04-05 17:40:44,3.183333333333333
C,northbound,2016-04-05 15:09:31,2016-04-05 15:12:47,3.2666666666666666
C,northbound,2016-04-05 12:45:28,2016-04-05 12:42:26,-3.033333333333333
C,northbound,2016-04-05 10:21:28,2016-04-05 10:20:27,-1.0166666666666666
C,northbound,2016-04-05 08:06:31,2016-04-05 08:09:17,2.7666666666666666
C,northbound,2016-04-05 06:00:25,2016-04-05 06:03:43,3.3
C,northbound,2016-04-05 18:28:31,2016-04-05 18:30:56,2.4166666666666665
C,northbound,2016-04-05 21:00:25,2016-04-05 20:59:25,-1.0
C,northbound,2016-04-05 13:21:28,2016-04-05 13:18:13,-3.25
C,northbound,2016-04-04 06:30:31,2016-04-04 06:33:37,3.1
C,northbound,2016-04-04 23:15:25,2016-04-04 23:16:53,1.4666666666666666
C,northbound,2016-04-04 21:00:25,2016-04-04 21:04:59,4.566666666666666
C,northbound,2016-04-04 18:28:31,2016-04-04 18:36:24,7.883333333333334
C,northbound,2016-04-04 16:05:33,2016-04-04 16:18:34,13.016666666666667
C,northbound,2016-04-04 18:19:31,2016-04-04 18:26:31,7.0
C,northbound,2016-04-04 15:58:31,2016-04-04 16:09:26,10.916666666666666
C,northbound,2016-04-04 08:17:31,2016-04-04 08:22:06,4.583333333333333
C,northbound,2016-04-04 08:12:31,2016-04-04 08:20:35,8.066666666666666
C,northbound,2016-04-04 19:07:28,2016-04-04 19:15:30,8.033333333333333
C,northbound,2016-04-04 07:47:31,2016-04-04 07:47:10,-0.35
C,northbound,2016-04-04 04:35:25,2016-04-04 04:43:33,8.133333333333333
C,northbound,2016-04-04 02:10:25,2016-04-04 02:15:58,5.55
C,northbound,2016-04-04 00:00:25,2016-04-04 00:06:14,5.816666666666666
C,northbound,2016-04-04 21:45:25,2016-04-04 21:59:40,14.25
C,northbound,2016-04-04 08:56:31,2016-04-04 09:00:31,4.0
C,northbound,2016-04-04 22:45:25,2016-04-04 22:44:46,-0.65
C,northbound,2016-04-04 20:27:25,2016-04-04 20:30:17,2.8666666666666667
C,northbound,2016-04-04 18:10:31,2016-04-04 18:24:37,14.1
C,northbound,2016-04-04 13:33:28,2016-04-04 13:33:48,0.3333333333333333
C,northbound,2016-04-04 11:09:28,2016-04-04 11:07:32,-1.9333333333333333
C,northbound,2016-04-04 22:15:25,2016-04-04 22:15:43,0.3
C,northbound,2016-04-03 10:45:28,2016-04-03 10:39:47,-5.683333333333334
C,northbound,2016-04-03 08:15:28,2016-04-03 08:10:12,-5.266666666666667
C,northbound,2016-04-03 23:30:25,2016-04-03 23:31:42,1.2833333333333334
C,northbound,2016-04-03 21:15:25,2016-04-03 21:16:55,1.5
C,northbound,2016-04-03 19:00:25,2016-04-03 18:59:35,-0.8333333333333334
C,northbound,2016-04-03 16:30:28,2016-04-03 16:25:54,-4.566666666666666
C,northbound,2016-04-03 14:00:28,2016-04-03 14:00:53,0.4166666666666667
C,northbound,2016-04-03 11:30:28,2016-04-03 11:26:13,-4.25
C,northbound,2016-04-03 09:00:28,2016-04-03 08:51:38,-8.833333333333334
C,northbound,2016-04-03 07:00:28,2016-04-03 06:56:48,-3.6666666666666665
C,northbound,2016-04-03 02:10:25,2016-04-03 02:14:41,4.266666666666667
C,northbound,2016-04-03 00:00:25,2016-04-03 00:00:28,0.05
C,northbound,2016-04-03 21:45:25,2016-04-03 21:48:54,3.4833333333333334
C,northbound,2016-04-03 19:15:25,2016-04-03 19:11:38,-3.783333333333333
C,northbound,2016-04-03 16:45:28,2016-04-03 16:42:10,-3.3
C,northbound,2016-04-03 14:15:28,2016-04-03 14:12:42,-2.7666666666666666
C,northbound,2016-04-03 11:45:28,2016-04-03 11:36:40,-8.8
C,northbound,2016-04-03 09:15:28,2016-04-03 09:06:02,-9.433333333333334
C,northbound,2016-04-03 07:15:28,2016-04-03 07:10:04,-5.4
C,northbound,2016-04-03 19:30:25,2016-04-03 19:34:12,3.783333333333333
C,northbound,2016-04-03 17:15:28,2016-04-03 17:12:59,-2.4833333333333334
C,northbound,2016-04-03 14:45:28,2016-04-03 14:42:29,-2.9833333333333334
C,northbound,2016-04-03 12:15:28,2016-04-03 12:10:20,-5.133333333333334
C,northbound,2016-04-03 09:45:28,2016-04-03 09:39:45,-5.716666666666667
C,northbound,2016-04-03 22:30:25,2016-04-03 22:31:41,1.2666666666666666
C,northbound,2016-04-03 20:15:25,2016-04-03 20:18:20,2.9166666666666665
C,northbound,2016-04-03 18:00:28,2016-04-03 17:57:05,-3.3833333333333333
C,northbound,2016-04-03 15:30:28,2016-04-03 15:29:01,-1.45
C,northbound,2016-04-03 10:30:28,2016-04-03 10:26:13,-4.25
C,northbound,2016-04-03 13:00:28,2016-04-03 12:56:45,-3.716666666666667
C,northbound,2016-04-03 08:00:28,2016-04-03 07:59:30,-0.9666666666666667
C,northbound,2016-04-03 06:00:28,2016-04-03 05:58:23,-2.0833333333333335
C,northbound,2016-04-03 23:15:25,2016-04-03 23:10:04,-5.35
C,northbound,2016-04-03 21:00:25,2016-04-03 20:58:07,-2.3
C,northbound,2016-04-03 18:45:28,2016-04-03 18:44:49,-0.65
C,northbound,2016-04-03 16:15:28,2016-04-03 16:11:43,-3.75
C,northbound,2016-04-03 13:45:28,2016-04-03 13:46:17,0.8166666666666667
C,northbound,2016-04-03 11:15:28,2016-04-03 11:15:43,0.25
C,northbound,2016-04-03 08:45:28,2016-04-03 08:39:43,-5.75
C,northbound,2016-04-03 06:45:28,2016-04-03 06:45:08,-0.3333333333333333
C,northbound,2016-04-03 03:25:25,2016-04-03 03:26:36,1.1833333333333333
C,northbound,2016-04-03 01:05:25,2016-04-03 01:01:49,-3.6
C,northbound,2016-04-03 23:00:25,2016-04-03 22:59:33,-0.8666666666666667
C,northbound,2016-04-03 20:45:25,2016-04-03 20:44:59,-0.43333333333333335
C,northbound,2016-04-03 00:30:25,2016-04-03 00:30:16,-0.15
C,northbound,2016-04-03 22:00:25,2016-04-03 21:59:37,-0.8
C,northbound,2016-04-03 19:45:25,2016-04-03 19:48:58,3.55
C,northbound,2016-04-03 17:30:28,2016-04-03 17:26:32,-3.933333333333333
C,northbound,2016-04-03 15:00:28,2016-04-03 14:57:08,-3.3333333333333335
C,northbound,2016-04-03 12:30:28,2016-04-03 12:27:38,-2.8333333333333335
C,northbound,2016-04-03 10:00:28,2016-04-03 09:56:57,-3.5166666666666666
C,northbound,2016-04-03 07:45:28,2016-04-03 07:44:53,-0.5833333333333334
C,northbound,2016-04-03 22:15:25,2016-04-03 22:12:53,-2.533333333333333
C,northbound,2016-05-26 14:09:31,2016-05-26 14:13:02,3.5166666666666666
C,northbound,2016-05-26 11:57:28,2016-05-26 11:57:52,0.4
C,northbound,2016-05-26 09:35:28,2016-05-26 09:39:55,4.45
C,northbound,2016-05-26 07:18:31,2016-05-26 07:17:33,-0.9666666666666667
C,northbound,2016-05-26 19:07:28,2016-05-26 19:02:26,-5.033333333333333
C,northbound,2016-05-26 16:54:33,2016-05-26 16:55:50,1.2833333333333334
C,northbound,2016-05-26 02:10:25,2016-05-26 02:09:59,-0.43333333333333335
C,northbound,2016-05-26 00:00:25,2016-05-25 23:59:32,-0.8833333333333333
C,northbound,2016-05-26 21:45:25,2016-05-26 21:46:23,0.9666666666666667
C,northbound,2016-05-26 16:12:33,2016-05-26 16:15:43,3.1666666666666665
C,northbound,2016-05-26 13:45:31,2016-05-26 13:42:16,-3.25
C,northbound,2016-05-26 11:21:28,2016-05-26 11:19:34,-1.9
C,northbound,2016-05-26 09:02:31,2016-05-26 09:00:38,-1.8833333333333333
C,northbound,2016-05-26 06:39:31,2016-05-26 06:36:49,-2.7
C,northbound,2016-05-26 08:12:31,2016-05-26 08:17:09,4.633333333333334
C,northbound,2016-05-26 17:44:33,2016-05-26 17:49:49,5.266666666666667
C,northbound,2016-05-26 15:17:31,2016-05-26 15:22:45,5.233333333333333
C,northbound,2016-05-26 12:57:28,2016-05-26 12:58:25,0.95
C,northbound,2016-05-26 10:33:28,2016-05-26 10:35:28,2.0
C,northbound,2016-05-26 06:10:25,2016-05-26 06:06:48,-3.6166666666666667
C,northbound,2016-05-26 22:00:25,2016-05-26 22:00:49,0.4
C,northbound,2016-05-26 16:47:33,2016-05-26 16:53:22,5.816666666666666
C,northbound,2016-05-25 10:57:28,2016-05-25 11:00:56,3.466666666666667
C,northbound,2016-05-25 08:44:31,2016-05-25 08:42:38,-1.8833333333333333
C,northbound,2016-05-25 06:30:31,2016-05-25 06:35:10,4.65
C,northbound,2016-05-25 17:37:33,2016-05-25 17:42:19,4.766666666666667
C,northbound,2016-05-25 15:09:31,2016-05-25 15:09:56,0.4166666666666667
C,northbound,2016-05-25 12:45:28,2016-05-25 12:46:17,0.8166666666666667
C,northbound,2016-05-25 10:21:28,2016-05-25 10:23:39,2.183333333333333
C,northbound,2016-05-25 08:06:31,2016-05-25 08:08:17,1.7666666666666666
C,northbound,2016-05-25 06:00:25,2016-05-25 05:59:36,-0.8166666666666667
C,northbound,2016-05-25 08:17:31,2016-05-25 08:28:42,11.183333333333334
C,northbound,2016-05-25 22:00:25,2016-05-25 22:01:43,1.3
C,northbound,2016-05-25 19:30:28,2016-05-25 19:30:06,-0.36666666666666664
C,northbound,2016-05-25 17:08:33,2016-05-25 17:10:41,2.1333333333333333
C,northbound,2016-05-25 19:07:28,2016-05-25 19:08:54,1.4333333333333333
C,northbound,2016-05-25 16:54:33,2016-05-25 16:57:54,3.35
C,northbound,2016-05-25 08:38:31,2016-05-25 08:39:43,1.2
C,northbound,2016-05-25 06:20:25,2016-05-25 06:23:11,2.7666666666666666
C,northbound,2016-05-25 17:15:33,2016-05-25 17:12:15,-3.3
C,northbound,2016-05-25 14:42:31,2016-05-25 14:45:58,3.45
C,northbound,2016-05-25 09:57:28,2016-05-25 09:57:51,0.38333333333333336
C,northbound,2016-05-25 07:41:31,2016-05-25 07:44:13,2.7
C,northbound,2016-05-25 08:51:31,2016-05-25 08:54:41,3.1666666666666665
C,northbound,2016-05-24 18:28:31,2016-05-24 18:28:41,0.16666666666666666
C,northbound,2016-05-24 16:05:33,2016-05-24 16:03:12,-2.35
C,northbound,2016-05-24 07:10:31,2016-05-24 07:08:18,-2.216666666666667
C,northbound,2016-05-24 05:05:25,2016-05-24 05:04:50,-0.5833333333333334
C,northbound,2016-05-24 07:47:31,2016-05-24 07:48:38,1.1166666666666667
C,northbound,2016-05-24 08:12:31,2016-05-24 08:15:15,2.7333333333333334
C,northbound,2016-05-24 18:01:31,2016-05-24 18:01:44,0.21666666666666667
C,northbound,2016-05-24 15:34:31,2016-05-24 15:36:52,2.35
C,northbound,2016-05-24 19:07:28,2016-05-24 19:06:03,-1.4166666666666667
C,northbound,2016-05-24 16:54:33,2016-05-24 16:51:39,-2.9
C,northbound,2016-05-24 04:35:25,2016-05-24 04:31:33,-3.8666666666666667
C,northbound,2016-05-24 02:10:25,2016-05-24 02:07:31,-2.9
C,northbound,2016-05-24 00:00:25,2016-05-23 23:56:52,-3.55
C,northbound,2016-05-24 21:45:25,2016-05-24 21:44:52,-0.55
C,northbound,2016-05-24 15:42:31,2016-05-24 15:47:18,4.783333333333333
C,northbound,2016-05-24 13:21:28,2016-05-24 13:18:17,-3.183333333333333
C,northbound,2016-05-24 10:57:28,2016-05-24 10:59:40,2.2
C,northbound,2016-05-24 08:44:31,2016-05-24 08:51:40,7.15
C,northbound,2016-05-24 06:30:31,2016-05-24 06:38:11,7.666666666666667
C,northbound,2016-05-24 16:26:33,2016-05-24 16:19:40,-6.883333333333334
C,northbound,2016-05-24 13:57:31,2016-05-24 13:55:41,-1.8333333333333333
C,northbound,2016-05-24 18:57:28,2016-05-24 19:00:24,2.933333333333333
C,northbound,2016-05-23 07:28:31,2016-05-23 07:27:47,-0.7333333333333333
C,northbound,2016-05-23 05:25:25,2016-05-23 05:24:51,-0.5666666666666667
C,northbound,2016-05-23 18:01:31,2016-05-23 18:01:45,0.23333333333333334
C,northbound,2016-05-23 15:34:31,2016-05-23 15:33:43,-0.8
C,northbound,2016-05-23 08:02:31,2016-05-23 08:05:06,2.5833333333333335
C,northbound,2016-05-23 08:56:31,2016-05-23 09:00:38,4.116666666666666
C,northbound,2016-05-23 22:00:25,2016-05-23 22:02:09,1.7333333333333334
C,northbound,2016-05-23 19:30:28,2016-05-23 19:32:56,2.466666666666667
C,northbound,2016-05-23 17:08:33,2016-05-23 17:13:41,5.133333333333334
C,northbound,2016-05-23 23:15:25,2016-05-23 23:16:57,1.5333333333333334
C,northbound,2016-05-23 21:00:25,2016-05-23 21:04:57,4.533333333333333
C,northbound,2016-05-23 18:28:31,2016-05-23 18:32:25,3.9
C,northbound,2016-05-23 16:05:33,2016-05-23 16:07:54,2.35
C,northbound,2016-05-23 01:05:25,2016-05-23 01:07:15,1.8333333333333333
C,northbound,2016-05-23 23:00:25,2016-05-23 22:59:56,-0.48333333333333334
C,northbound,2016-05-23 20:43:25,2016-05-23 20:43:43,0.3
C,northbound,2016-05-23 08:12:31,2016-05-23 08:17:12,4.683333333333334
C,northbound,2016-05-23 23:30:25,2016-05-23 23:32:58,2.55
C,northbound,2016-05-23 21:15:25,2016-05-23 21:22:20,6.916666666666667
C,northbound,2016-05-23 16:40:33,2016-05-23 16:43:52,3.316666666666667
C,northbound,2016-05-23 22:45:25,2016-05-23 22:47:34,2.15
C,northbound,2016-05-23 09:45:28,2016-05-23 09:45:44,0.26666666666666666
C,northbound,2016-05-22 19:15:25,2016-05-22 19:12:56,-2.4833333333333334
C,northbound,2016-05-22 16:45:28,2016-05-22 16:44:51,-0.6166666666666667
C,northbound,2016-05-22 14:15:28,2016-05-22 14:11:55,-3.55
C,northbound,2016-05-22 11:45:28,2016-05-22 11:41:07,-4.35
C,northbound,2016-05-22 09:15:28,2016-05-22 09:11:12,-4.266666666666667
C,northbound,2016-05-22 07:15:28,2016-05-22 07:15:40,0.2
C,northbound,2016-05-22 23:30:25,2016-05-22 23:27:38,-2.783333333333333
C,northbound,2016-05-22 21:15:25,2016-05-22 21:15:30,0.08333333333333333
C,northbound,2016-05-22 19:00:25,2016-05-22 18:55:33,-4.866666666666666
C,northbound,2016-05-22 16:30:28,2016-05-22 16:23:51,-6.616666666666666
C,northbound,2016-05-22 14:00:28,2016-05-22 13:56:51,-3.6166666666666667
C,northbound,2016-05-22 11:30:28,2016-05-22 11:26:15,-4.216666666666667
C,northbound,2016-05-22 09:00:28,2016-05-22 08:52:46,-7.7
C,northbound,2016-05-22 07:00:28,2016-05-22 06:56:43,-3.75
C,northbound,2016-05-22 19:30:25,2016-05-22 19:32:54,2.4833333333333334
C,northbound,2016-05-22 17:15:28,2016-05-22 17:15:08,-0.3333333333333333
C,northbound,2016-05-22 14:45:28,2016-05-22 14:42:17,-3.183333333333333
C,northbound,2016-05-22 12:15:28,2016-05-22 12:11:36,-3.8666666666666667
C,northbound,2016-05-22 09:45:28,2016-05-22 09:38:21,-7.116666666666666
C,northbound,2016-05-22 21:00:25,2016-05-22 21:00:48,0.38333333333333336
C,northbound,2016-05-22 18:45:28,2016-05-22 18:39:29,-5.983333333333333
C,northbound,2016-05-22 17:45:28,2016-05-22 17:39:33,-5.916666666666667
C,northbound,2016-05-21 18:15:28,2016-05-21 18:17:00,1.5333333333333334
C,northbound,2016-05-21 15:51:28,2016-05-21 15:51:48,0.3333333333333333
C,northbound,2016-05-21 11:03:28,2016-05-21 11:02:14,-1.2333333333333334
C,northbound,2016-05-21 09:01:28,2016-05-21 08:59:43,-1.75
C,northbound,2016-05-21 22:15:25,2016-05-21 22:18:17,2.8666666666666667
C,northbound,2016-05-21 20:00:25,2016-05-21 20:04:58,4.55
C,northbound,2016-05-21 17:51:28,2016-05-21 17:46:15,-5.216666666666667
C,northbound,2016-05-21 15:27:28,2016-05-21 15:23:44,-3.7333333333333334
C,northbound,2016-05-21 13:03:28,2016-05-21 13:02:25,-1.05
C,northbound,2016-05-21 10:37:28,2016-05-21 10:40:25,2.95
C,northbound,2016-05-21 08:37:28,2016-05-21 08:36:47,-0.6833333333333333
C,northbound,2016-05-21 06:30:28,2016-05-21 06:30:08,-0.3333333333333333
C,northbound,2016-05-21 22:00:25,2016-05-21 22:02:16,1.85
C,northbound,2016-05-21 17:27:28,2016-05-21 17:27:47,0.31666666666666665
C,northbound,2016-05-21 15:03:28,2016-05-21 15:07:56,4.466666666666667
C,northbound,2016-05-21 12:39:28,2016-05-21 12:42:25,2.95
C,northbound,2016-05-21 10:13:28,2016-05-21 10:15:39,2.183333333333333
C,northbound,2016-05-21 08:12:28,2016-05-21 08:14:16,1.8
C,northbound,2016-05-21 02:10:25,2016-05-21 02:15:42,5.283333333333333
C,northbound,2016-05-21 00:00:25,2016-05-21 00:03:33,3.1333333333333333
C,northbound,2016-05-21 21:45:25,2016-05-21 21:55:32,10.116666666666667
C,northbound,2016-05-21 23:30:25,2016-05-21 23:36:22,5.95
C,northbound,2016-05-21 19:03:25,2016-05-21 19:01:04,-2.35
C,northbound,2016-05-21 16:39:28,2016-05-21 16:40:54,1.4333333333333333
C,northbound,2016-05-21 14:15:28,2016-05-21 14:10:21,-5.116666666666666
C,northbound,2016-05-21 11:51:28,2016-05-21 11:51:36,0.13333333333333333
C,northbound,2016-05-21 09:37:28,2016-05-21 09:38:30,1.0333333333333334
C,northbound,2016-05-21 07:30:28,2016-05-21 07:31:31,1.05
C,northbound,2016-05-21 23:00:25,2016-05-21 23:05:05,4.666666666666667
C,northbound,2016-05-21 20:45:25,2016-05-21 20:49:08,3.716666666666667
C,northbound,2016-05-21 18:39:28,2016-05-21 18:41:08,1.6666666666666667
C,northbound,2016-05-21 16:15:28,2016-05-21 16:15:34,0.1
C,northbound,2016-05-21 13:51:28,2016-05-21 13:50:29,-0.9833333333333333
C,northbound,2016-05-21 11:27:28,2016-05-21 11:35:28,8.0
C,northbound,2016-05-21 19:15:25,2016-05-21 19:18:12,2.783333333333333
C,northbound,2016-05-21 16:51:28,2016-05-21 16:51:25,-0.05
C,northbound,2016-05-21 14:27:28,2016-05-21 14:26:20,-1.1333333333333333
C,northbound,2016-05-21 12:03:28,2016-05-21 12:03:37,0.15
C,northbound,2016-05-21 09:49:28,2016-05-21 09:51:43,2.25
C,northbound,2016-05-21 07:45:28,2016-05-21 07:46:15,0.7833333333333333
C,northbound,2016-05-21 05:45:28,2016-05-21 05:44:54,-0.5666666666666667
C,northbound,2016-05-21 18:27:28,2016-05-21 18:24:50,-2.6333333333333333
C,northbound,2016-05-21 16:03:28,2016-05-21 16:02:16,-1.2
C,northbound,2016-05-21 13:39:28,2016-05-21 13:35:28,-4.0
C,northbound,2016-05-21 11:15:28,2016-05-21 11:51:26,35.96666666666667
C,northbound,2016-05-21 09:13:28,2016-05-21 09:18:17,4.816666666666666
C,northbound,2016-05-21 07:00:28,2016-05-21 07:04:49,4.35
C,northbound,2016-05-21 19:30:25,2016-05-21 19:34:24,3.9833333333333334
C,northbound,2016-05-21 17:15:28,2016-05-21 17:10:17,-5.183333333333334
C,northbound,2016-05-21 14:51:28,2016-05-21 14:50:09,-1.3166666666666667
C,northbound,2016-05-21 12:27:28,2016-05-21 12:26:06,-1.3666666666666667
C,northbound,2016-05-21 10:01:28,2016-05-21 09:58:08,-3.3333333333333335
C,northbound,2016-05-21 06:00:28,2016-05-21 05:59:26,-1.0333333333333334
C,northbound,2016-05-19 16:12:33,2016-05-19 16:16:59,4.433333333333334
C,northbound,2016-05-19 13:45:31,2016-05-19 13:44:56,-0.5833333333333334
C,northbound,2016-05-19 11:21:28,2016-05-19 11:22:05,0.6166666666666667
C,northbound,2016-05-19 09:02:31,2016-05-19 09:02:29,-0.03333333333333333
C,northbound,2016-05-19 06:39:31,2016-05-19 06:38:12,-1.3166666666666667
C,northbound,2016-05-19 00:30:25,2016-05-19 00:30:19,-0.1
C,northbound,2016-05-19 22:15:25,2016-05-19 22:29:06,13.683333333333334
C,northbound,2016-05-19 20:00:25,2016-05-19 19:59:47,-0.6333333333333333
C,northbound,2016-05-19 17:29:33,2016-05-19 17:32:23,2.8333333333333335
C,northbound,2016-05-19 15:01:31,2016-05-19 15:11:29,9.966666666666667
C,northbound,2016-05-19 16:33:33,2016-05-19 16:31:48,-1.75
C,northbound,2016-05-19 14:09:31,2016-05-19 14:10:26,0.9166666666666666
C,northbound,2016-05-19 11:57:28,2016-05-19 11:55:44,-1.7333333333333334
C,northbound,2016-05-19 09:35:28,2016-05-19 09:38:19,2.85
C,northbound,2016-05-19 07:18:31,2016-05-19 07:17:12,-1.3166666666666667
C,northbound,2016-05-19 15:42:31,2016-05-19 15:45:15,2.7333333333333334
C,northbound,2016-05-19 13:21:28,2016-05-19 13:16:36,-4.866666666666666
C,northbound,2016-05-19 10:57:28,2016-05-19 10:54:17,-3.183333333333333
C,northbound,2016-05-19 08:44:31,2016-05-19 08:42:36,-1.9166666666666667
C,northbound,2016-05-19 16:47:33,2016-05-19 16:47:27,-0.1
C,northbound,2016-05-19 14:20:31,2016-05-19 14:23:48,3.283333333333333
C,northbound,2016-05-19 02:10:25,2016-05-19 02:11:28,1.05
C,northbound,2016-05-18 10:45:28,2016-05-18 10:45:08,-0.3333333333333333
C,northbound,2016-05-18 08:32:31,2016-05-18 08:35:26,2.9166666666666665
C,northbound,2016-05-18 22:45:25,2016-05-18 22:46:03,0.6333333333333333
C,northbound,2016-05-18 20:27:25,2016-05-18 20:28:56,1.5166666666666666
C,northbound,2016-05-18 18:10:31,2016-05-18 18:12:55,2.4
C,northbound,2016-05-18 15:50:31,2016-05-18 15:51:16,0.75
C,northbound,2016-05-18 13:33:28,2016-05-18 13:32:59,-0.48333333333333334
C,northbound,2016-05-18 11:09:28,2016-05-18 11:08:25,-1.05
C,northbound,2016-05-18 08:51:31,2016-05-18 08:56:01,4.5
C,northbound,2016-05-18 23:15:25,2016-05-18 23:11:25,-4.0
C,northbound,2016-05-18 21:00:25,2016-05-18 20:56:48,-3.6166666666666667
C,northbound,2016-05-18 18:28:31,2016-05-18 18:29:25,0.9
C,northbound,2016-05-18 16:05:33,2016-05-18 16:05:16,-0.2833333333333333
C,northbound,2016-05-18 07:10:31,2016-05-18 07:12:40,2.15
C,northbound,2016-05-18 05:05:25,2016-05-18 05:07:26,2.0166666666666666
C,northbound,2016-05-18 17:15:33,2016-05-18 17:21:13,5.666666666666667
C,northbound,2016-05-18 14:42:31,2016-05-18 14:50:28,7.95
C,northbound,2016-05-18 12:21:28,2016-05-18 12:19:06,-2.3666666666666667
C,northbound,2016-05-18 09:57:28,2016-05-18 10:00:37,3.15
C,northbound,2016-05-18 17:44:33,2016-05-18 17:45:13,0.6666666666666666
C,northbound,2016-05-18 15:17:31,2016-05-18 15:17:15,-0.26666666666666666
C,northbound,2016-05-18 07:56:31,2016-05-18 07:55:56,-0.5833333333333334
C,northbound,2016-05-17 10:21:28,2016-05-17 10:18:25,-3.05
C,northbound,2016-05-17 08:06:31,2016-05-17 08:08:03,1.5333333333333334
C,northbound,2016-05-17 06:00:25,2016-05-17 06:00:49,0.4
C,northbound,2016-05-17 17:44:33,2016-05-17 17:45:17,0.7333333333333333
C,northbound,2016-05-17 15:17:31,2016-05-17 15:18:48,1.2833333333333334
C,northbound,2016-05-17 12:57:28,2016-05-17 13:00:43,3.25
C,northbound,2016-05-17 10:33:28,2016-05-17 10:31:42,-1.7666666666666666
C,northbound,2016-05-17 08:22:31,2016-05-17 08:18:43,-3.8
C,northbound,2016-05-17 06:10:25,2016-05-17 06:11:08,0.7166666666666667
C,northbound,2016-05-17 02:10:25,2016-05-17 02:08:46,-1.65
C,northbound,2016-05-17 00:00:25,2016-05-16 23:59:30,-0.9166666666666666
C,northbound,2016-05-17 21:45:25,2016-05-17 21:47:38,2.216666666666667
C,northbound,2016-05-17 07:41:31,2016-05-17 07:45:44,4.216666666666667
C,northbound,2016-05-17 20:15:25,2016-05-17 20:12:52,-2.55
C,northbound,2016-05-17 17:52:33,2016-05-17 17:55:49,3.2666666666666666
C,northbound,2016-05-17 15:24:31,2016-05-17 15:21:50,-2.683333333333333
C,northbound,2016-05-17 13:09:28,2016-05-17 13:06:15,-3.216666666666667
C,northbound,2016-05-17 08:32:31,2016-05-17 08:30:35,-1.9333333333333333
C,northbound,2016-05-17 16:47:33,2016-05-17 16:48:24,0.85
C,northbound,2016-05-17 17:29:33,2016-05-17 17:36:09,6.6
C,northbound,2016-05-16 06:54:31,2016-05-16 06:53:01,-1.5
C,northbound,2016-05-16 17:44:33,2016-05-16 17:48:26,3.8833333333333333
C,northbound,2016-05-16 15:17:31,2016-05-16 15:17:26,-0.08333333333333333
C,northbound,2016-05-16 12:57:28,2016-05-16 12:56:30,-0.9666666666666667
C,northbound,2016-05-16 10:33:28,2016-05-16 10:31:43,-1.75
C,northbound,2016-05-16 08:22:31,2016-05-16 08:20:06,-2.4166666666666665
C,northbound,2016-05-16 06:10:25,2016-05-16 06:11:15,0.8333333333333334
C,northbound,2016-05-16 08:17:31,2016-05-16 08:18:40,1.15
C,northbound,2016-05-16 16:47:33,2016-05-16 16:45:55,-1.6333333333333333
C,northbound,2016-05-16 14:20:31,2016-05-16 14:19:31,-1.0
C,northbound,2016-05-16 12:09:28,2016-05-16 12:06:14,-3.2333333333333334
C,northbound,2016-05-16 09:45:28,2016-05-16 09:45:49,0.35
C,northbound,2016-05-16 07:33:31,2016-05-16 07:36:35,3.066666666666667
C,northbound,2016-05-16 07:28:31,2016-05-16 07:27:27,-1.0666666666666667
C,northbound,2016-05-16 05:25:25,2016-05-16 05:27:33,2.1333333333333333
C,northbound,2016-05-16 09:25:28,2016-05-16 09:30:15,4.783333333333333
C,northbound,2016-05-16 07:02:31,2016-05-16 07:01:59,-0.5333333333333333
C,northbound,2016-05-16 22:45:25,2016-05-16 22:47:30,2.0833333333333335
C,northbound,2016-05-16 20:27:25,2016-05-16 20:26:17,-1.1333333333333333
C,northbound,2016-05-16 15:50:31,2016-05-16 15:49:50,-0.6833333333333333
C,northbound,2016-05-16 13:33:28,2016-05-16 13:31:07,-2.35
C,northbound,2016-05-16 08:38:31,2016-05-16 08:33:33,-4.966666666666667
C,northbound,2016-05-15 12:00:28,2016-05-15 11:56:38,-3.8333333333333335
C,northbound,2016-05-15 09:30:28,2016-05-15 09:25:00,-5.466666666666667
C,northbound,2016-05-15 07:30:28,2016-05-15 07:28:47,-1.6833333333333333
C,northbound,2016-05-15 05:25:28,2016-05-15 05:24:42,-0.7666666666666667
C,northbound,2016-05-15 21:30:25,2016-05-15 21:30:26,0.016666666666666666
C,northbound,2016-05-15 19:15:25,2016-05-15 19:10:16,-5.15
C,northbound,2016-05-15 16:45:28,2016-05-15 16:40:50,-4.633333333333334
C,northbound,2016-05-15 14:15:28,2016-05-15 14:11:46,-3.7
C,northbound,2016-05-15 11:45:28,2016-05-15 11:42:28,-3.0
C,northbound,2016-05-15 09:15:28,2016-05-15 09:11:45,-3.716666666666667
C,northbound,2016-05-15 07:15:28,2016-05-15 07:16:57,1.4833333333333334
C,northbound,2016-05-15 22:00:25,2016-05-15 21:59:29,-0.9333333333333333
C,northbound,2016-05-15 19:45:25,2016-05-15 19:46:13,0.8
C,northbound,2016-05-15 17:30:28,2016-05-15 17:22:17,-8.183333333333334
C,northbound,2016-05-15 15:00:28,2016-05-15 14:54:18,-6.166666666666667
C,northbound,2016-05-15 12:30:28,2016-05-15 12:30:18,-0.16666666666666666
C,northbound,2016-05-15 10:00:28,2016-05-15 09:54:14,-6.233333333333333
C,northbound,2016-05-15 07:45:28,2016-05-15 07:44:44,-0.7333333333333333
C,northbound,2016-05-15 05:45:28,2016-05-15 05:43:43,-1.75
C,northbound,2016-05-15 02:10:25,2016-05-15 02:11:52,1.45
C,northbound,2016-05-15 00:00:25,2016-05-15 00:03:31,3.1
C,northbound,2016-05-15 18:45:28,2016-05-15 18:43:37,-1.85
C,northbound,2016-05-14 11:51:28,2016-05-14 11:50:16,-1.2
C,northbound,2016-05-14 09:37:28,2016-05-14 09:39:29,2.0166666666666666
C,northbound,2016-05-14 01:05:25,2016-05-14 01:06:12,0.7833333333333333
C,northbound,2016-05-14 23:15:25,2016-05-14 23:14:10,-1.25
C,northbound,2016-05-14 21:00:25,2016-05-14 21:02:11,1.7666666666666666
C,northbound,2016-05-14 19:30:25,2016-05-14 19:30:19,-0.1
C,northbound,2016-05-14 17:15:28,2016-05-14 17:12:51,-2.6166666666666667
C,northbound,2016-05-14 14:51:28,2016-05-14 14:50:11,-1.2833333333333334
C,northbound,2016-05-14 12:27:28,2016-05-14 12:27:34,0.1
C,northbound,2016-05-14 10:01:28,2016-05-14 09:59:31,-1.95
C,northbound,2016-05-14 08:00:28,2016-05-14 07:58:06,-2.3666666666666667
C,northbound,2016-05-14 06:00:28,2016-05-14 05:59:34,-0.9
C,northbound,2016-05-14 18:51:28,2016-05-14 18:53:47,2.316666666666667
C,northbound,2016-05-14 14:03:28,2016-05-14 14:06:13,2.75
C,northbound,2016-05-14 11:39:28,2016-05-14 11:43:35,4.116666666666666
C,northbound,2016-05-14 05:25:28,2016-05-14 05:22:06,-3.3666666666666667
C,northbound,2016-05-14 22:30:25,2016-05-14 22:33:03,2.6333333333333333
C,northbound,2016-05-14 20:15:25,2016-05-14 20:18:14,2.816666666666667
C,northbound,2016-05-14 18:03:28,2016-05-14 18:02:16,-1.2
C,northbound,2016-05-14 15:39:28,2016-05-14 15:41:00,1.5333333333333334
C,northbound,2016-05-14 13:15:28,2016-05-14 13:19:42,4.233333333333333
C,northbound,2016-05-14 10:49:28,2016-05-14 10:51:41,2.216666666666667
C,northbound,2016-05-14 08:49:28,2016-05-14 08:50:15,0.7833333333333333
C,northbound,2016-05-14 06:45:28,2016-05-14 06:44:56,-0.5333333333333333
C,northbound,2016-05-14 00:30:25,2016-05-14 00:29:06,-1.3166666666666667
C,northbound,2016-05-14 22:45:25,2016-05-14 22:45:45,0.3333333333333333
C,northbound,2016-05-14 20:30:25,2016-05-14 20:30:20,-0.08333333333333333
C,northbound,2016-05-14 18:15:28,2016-05-14 18:12:59,-2.4833333333333334
C,northbound,2016-05-14 15:51:28,2016-05-14 15:48:51,-2.6166666666666667
C,northbound,2016-05-14 13:27:28,2016-05-14 13:26:15,-1.2166666666666666
C,northbound,2016-05-14 11:03:28,2016-05-14 11:04:50,1.3666666666666667
C,northbound,2016-05-14 09:01:28,2016-05-14 08:59:43,-1.75
C,northbound,2016-05-14 22:00:25,2016-05-14 22:03:12,2.783333333333333
C,northbound,2016-05-14 19:45:25,2016-05-14 19:46:15,0.8333333333333334
C,northbound,2016-05-14 17:27:28,2016-05-14 17:34:08,6.666666666666667
C,northbound,2016-05-14 15:03:28,2016-05-14 15:05:06,1.6333333333333333
C,northbound,2016-05-14 12:39:28,2016-05-14 12:42:26,2.966666666666667
C,northbound,2016-05-14 10:13:28,2016-05-14 10:21:00,7.533333333333333
C,northbound,2016-05-14 22:15:25,2016-05-14 22:18:27,3.033333333333333
C,northbound,2016-05-14 20:00:25,2016-05-14 20:04:54,4.483333333333333
C,northbound,2016-05-14 17:51:28,2016-05-14 17:54:16,2.8
C,northbound,2016-05-14 15:27:28,2016-05-14 15:24:46,-2.7
C,northbound,2016-05-14 13:03:28,2016-05-14 13:04:48,1.3333333333333333
C,northbound,2016-05-14 10:37:28,2016-05-14 10:36:51,-0.6166666666666667
C,northbound,2016-05-14 08:37:28,2016-05-14 08:35:45,-1.7166666666666666
C,northbound,2016-05-14 06:30:28,2016-05-14 06:29:06,-1.3666666666666667
C,northbound,2016-05-14 18:27:28,2016-05-14 18:23:36,-3.8666666666666667
C,northbound,2016-05-14 16:03:28,2016-05-14 16:02:14,-1.2333333333333334
C,northbound,2016-05-14 13:39:28,2016-05-14 13:39:48,0.3333333333333333
C,northbound,2016-05-14 11:15:28,2016-05-14 11:17:07,1.65
C,northbound,2016-05-14 09:13:28,2016-05-14 09:15:30,2.033333333333333
C,northbound,2016-05-14 07:00:28,2016-05-14 07:00:49,0.35
C,northbound,2016-05-14 14:39:28,2016-05-14 14:40:51,1.3833333333333333
C,northbound,2016-05-12 18:10:31,2016-05-12 18:18:54,8.383333333333333
C,northbound,2016-05-12 20:27:25,2016-05-12 20:28:58,1.55
C,northbound,2016-05-12 15:50:31,2016-05-12 15:48:49,-1.7
C,northbound,2016-05-12 13:33:28,2016-05-12 13:27:35,-5.883333333333334
C,northbound,2016-05-12 11:09:28,2016-05-12 11:04:29,-4.983333333333333
C,northbound,2016-05-12 08:51:31,2016-05-12 08:51:37,0.1
C,northbound,2016-05-12 00:30:25,2016-05-12 00:27:32,-2.8833333333333333
C,northbound,2016-05-12 22:15:25,2016-05-12 22:14:08,-1.2833333333333334
C,northbound,2016-05-12 20:00:25,2016-05-12 19:58:14,-2.183333333333333
C,northbound,2016-05-12 17:29:33,2016-05-12 17:28:48,-0.75
C,northbound,2016-05-12 15:01:31,2016-05-12 15:00:12,-1.3166666666666667
C,northbound,2016-05-12 16:12:33,2016-05-12 16:17:25,4.866666666666666
C,northbound,2016-05-12 13:45:31,2016-05-12 13:40:43,-4.8
C,northbound,2016-05-12 11:21:28,2016-05-12 11:16:46,-4.7
C,northbound,2016-05-12 09:02:31,2016-05-12 08:58:57,-3.566666666666667
C,northbound,2016-05-12 06:39:31,2016-05-12 06:38:05,-1.4333333333333333
C,northbound,2016-05-12 18:57:28,2016-05-12 19:01:02,3.566666666666667
C,northbound,2016-05-12 16:40:33,2016-05-12 16:42:58,2.4166666666666665
C,northbound,2016-05-12 07:47:31,2016-05-12 07:50:01,2.5
C,northbound,2016-05-12 22:30:25,2016-05-12 22:31:49,1.4
C,northbound,2016-05-12 20:15:25,2016-05-12 20:17:43,2.3
C,northbound,2016-05-12 18:01:31,2016-05-12 17:57:49,-3.7
C,northbound,2016-05-11 12:45:28,2016-05-11 12:39:24,-6.066666666666666
C,northbound,2016-05-11 10:21:28,2016-05-11 10:19:35,-1.8833333333333333
C,northbound,2016-05-11 08:06:31,2016-05-11 08:07:55,1.4
C,northbound,2016-05-11 06:00:25,2016-05-11 06:00:57,0.5333333333333333
C,northbound,2016-05-11 08:27:31,2016-05-11 08:30:30,2.9833333333333334
C,northbound,2016-05-11 17:44:33,2016-05-11 17:44:14,-0.31666666666666665
C,northbound,2016-05-11 15:17:31,2016-05-11 15:18:17,0.7666666666666667
C,northbound,2016-05-11 12:57:28,2016-05-11 12:57:11,-0.2833333333333333
C,northbound,2016-05-11 10:33:28,2016-05-11 10:27:47,-5.683333333333334
C,northbound,2016-05-11 08:22:31,2016-05-11 08:20:36,-1.9166666666666667
C,northbound,2016-05-11 06:10:25,2016-05-11 06:11:05,0.6666666666666666
C,northbound,2016-05-11 08:17:31,2016-05-11 08:14:10,-3.35
C,northbound,2016-05-11 07:51:31,2016-05-11 07:49:57,-1.5666666666666667
C,northbound,2016-05-11 07:23:31,2016-05-11 07:24:36,1.0833333333333333
C,northbound,2016-05-11 23:15:25,2016-05-11 23:11:48,-3.6166666666666667
C,northbound,2016-05-11 21:00:25,2016-05-11 21:00:49,0.4
C,northbound,2016-05-11 18:28:31,2016-05-11 18:26:17,-2.2333333333333334
C,northbound,2016-05-11 16:05:33,2016-05-11 16:03:58,-1.5833333333333333
C,northbound,2016-05-11 19:07:28,2016-05-11 19:06:05,-1.3833333333333333
C,northbound,2016-05-11 04:35:25,2016-05-11 04:35:33,0.13333333333333333
C,northbound,2016-05-11 02:10:25,2016-05-11 02:07:20,-3.0833333333333335
C,northbound,2016-05-11 10:57:28,2016-05-11 10:52:52,-4.6
C,northbound,2016-05-10 11:57:28,2016-05-10 11:55:43,-1.75
C,northbound,2016-05-10 09:35:28,2016-05-10 09:33:45,-1.7166666666666666
C,northbound,2016-05-10 07:18:31,2016-05-10 07:21:35,3.066666666666667
C,northbound,2016-05-10 17:37:33,2016-05-10 17:46:47,9.233333333333333
C,northbound,2016-05-10 15:09:31,2016-05-10 15:09:13,-0.3
C,northbound,2016-05-10 12:45:28,2016-05-10 12:40:29,-4.983333333333333
C,northbound,2016-05-10 10:21:28,2016-05-10 10:18:17,-3.183333333333333
C,northbound,2016-05-10 08:06:31,2016-05-10 08:06:35,0.06666666666666667
C,northbound,2016-05-10 06:00:25,2016-05-10 06:00:56,0.5166666666666667
C,northbound,2016-05-10 16:47:33,2016-05-10 16:45:52,-1.6833333333333333
C,northbound,2016-05-10 14:20:31,2016-05-10 14:19:28,-1.05
C,northbound,2016-05-10 12:09:28,2016-05-10 12:11:37,2.15
C,northbound,2016-05-10 09:45:28,2016-05-10 09:47:00,1.5333333333333334
C,northbound,2016-05-10 07:33:31,2016-05-10 07:36:33,3.033333333333333
C,northbound,2016-05-10 02:10:25,2016-05-10 02:06:19,-4.1
C,northbound,2016-05-10 22:30:25,2016-05-10 22:32:49,2.4
C,northbound,2016-05-10 20:15:25,2016-05-10 20:15:46,0.35
C,northbound,2016-05-10 17:52:33,2016-05-10 17:55:51,3.3
C,northbound,2016-05-10 15:24:31,2016-05-10 15:21:50,-2.683333333333333
C,northbound,2016-05-10 10:45:28,2016-05-10 10:43:25,-2.05
C,northbound,2016-05-10 08:32:31,2016-05-10 08:28:46,-3.75
C,northbound,2016-05-10 18:47:31,2016-05-10 18:43:40,-3.85
C,northbound,2016-05-09 05:25:25,2016-05-09 05:26:11,0.7666666666666667
C,northbound,2016-05-09 23:15:25,2016-05-09 23:12:53,-2.533333333333333
C,northbound,2016-05-09 21:00:25,2016-05-09 21:01:01,0.6
C,northbound,2016-05-09 18:28:31,2016-05-09 18:31:52,3.35
C,northbound,2016-05-09 16:05:33,2016-05-09 16:01:54,-3.65
C,northbound,2016-05-09 08:02:31,2016-05-09 08:02:12,-0.31666666666666665
C,northbound,2016-05-09 16:12:33,2016-05-09 16:14:25,1.8666666666666667
C,northbound,2016-05-09 13:45:31,2016-05-09 13:40:46,-4.75
C,northbound,2016-05-09 11:21:28,2016-05-09 11:14:01,-7.45
C,northbound,2016-05-09 09:02:31,2016-05-09 08:53:04,-9.45
C,northbound,2016-05-09 06:39:31,2016-05-09 06:36:26,-3.0833333333333335
C,northbound,2016-05-09 17:15:33,2016-05-09 17:13:45,-1.8
C,northbound,2016-05-09 14:42:31,2016-05-09 14:42:55,0.4
C,northbound,2016-05-09 12:21:28,2016-05-09 12:18:23,-3.0833333333333335
C,northbound,2016-05-09 09:57:28,2016-05-09 09:54:43,-2.75
C,northbound,2016-05-09 07:41:31,2016-05-09 07:38:10,-3.35
C,northbound,2016-05-09 07:10:31,2016-05-09 07:09:30,-1.0166666666666666
C,northbound,2016-05-09 05:05:25,2016-05-09 05:07:30,2.0833333333333335
C,northbound,2016-05-09 18:19:31,2016-05-09 18:19:56,0.4166666666666667
C,northbound,2016-05-09 07:02:31,2016-05-09 07:03:40,1.15
C,northbound,2016-05-09 18:37:31,2016-05-09 18:32:26,-5.083333333333333
C,northbound,2016-05-09 09:18:28,2016-05-09 09:15:34,-2.9
C,northbound,2016-05-08 15:45:28,2016-05-08 15:45:01,-0.45
C,northbound,2016-05-08 13:15:28,2016-05-08 13:14:29,-0.9833333333333333
C,northbound,2016-05-08 10:45:28,2016-05-08 10:44:29,-0.9833333333333333
C,northbound,2016-05-08 08:15:28,2016-05-08 08:18:19,2.85
C,northbound,2016-05-08 06:15:28,2016-05-08 06:18:26,2.966666666666667
C,northbound,2016-05-08 22:15:25,2016-05-08 22:17:46,2.35
C,northbound,2016-05-08 20:00:25,2016-05-08 20:03:44,3.316666666666667
C,northbound,2016-05-08 15:15:28,2016-05-08 15:13:57,-1.5166666666666666
C,northbound,2016-05-08 12:45:28,2016-05-08 12:42:25,-3.05
C,northbound,2016-05-08 21:30:25,2016-05-08 21:30:25,0.0
C,northbound,2016-05-08 19:15:25,2016-05-08 19:14:27,-0.9666666666666667
C,northbound,2016-05-08 16:45:28,2016-05-08 16:42:28,-3.0
C,northbound,2016-05-08 14:15:28,2016-05-08 14:17:52,2.4
C,northbound,2016-05-08 11:45:28,2016-05-08 11:45:13,-0.25
C,northbound,2016-05-08 09:15:28,2016-05-08 09:23:51,8.383333333333333
C,northbound,2016-05-08 07:15:28,2016-05-08 07:20:55,5.45
C,northbound,2016-05-08 22:00:25,2016-05-08 22:03:53,3.466666666666667
C,northbound,2016-05-08 13:30:28,2016-05-08 13:30:29,0.016666666666666666
C,northbound,2016-05-07 14:51:28,2016-05-07 15:10:10,18.7
C,northbound,2016-05-07 12:27:28,2016-05-07 12:35:07,7.65
C,northbound,2016-05-07 08:00:28,2016-05-07 08:00:26,-0.03333333333333333
C,northbound,2016-05-07 06:00:28,2016-05-07 06:03:35,3.1166666666666667
C,northbound,2016-05-07 21:30:25,2016-05-07 21:45:10,14.75
C,northbound,2016-05-07 19:15:25,2016-05-07 19:24:34,9.15
C,northbound,2016-05-07 16:51:28,2016-05-07 17:03:29,12.016666666666667
C,northbound,2016-05-07 14:27:28,2016-05-07 14:36:09,8.683333333333334
C,northbound,2016-05-07 09:49:28,2016-05-07 10:01:05,11.616666666666667
C,northbound,2016-05-07 07:45:28,2016-05-07 07:56:27,10.983333333333333
C,northbound,2016-05-07 05:45:28,2016-05-07 05:48:58,3.5
C,northbound,2016-05-07 22:30:25,2016-05-07 22:37:49,7.4
C,northbound,2016-05-07 20:15:25,2016-05-07 20:23:04,7.65
C,northbound,2016-05-07 18:03:28,2016-05-07 18:07:41,4.216666666666667
C,northbound,2016-05-07 15:39:28,2016-05-07 15:45:10,5.7
C,northbound,2016-05-07 13:15:28,2016-05-07 13:24:31,9.05
C,northbound,2016-05-07 10:49:28,2016-05-07 10:56:29,7.016666666666667
C,northbound,2016-05-07 08:49:28,2016-05-07 09:02:27,12.983333333333333
C,northbound,2016-05-07 06:45:28,2016-05-07 06:54:20,8.866666666666667
C,northbound,2016-05-07 23:30:25,2016-05-07 23:39:09,8.733333333333333
C,northbound,2016-05-07 21:15:25,2016-05-07 21:39:44,24.316666666666666
C,northbound,2016-05-07 19:03:25,2016-05-07 19:11:14,7.816666666666666
C,northbound,2016-05-07 16:39:28,2016-05-07 16:54:29,15.016666666666667
C,northbound,2016-05-07 14:15:28,2016-05-07 14:30:14,14.766666666666667
C,northbound,2016-05-07 11:51:28,2016-05-07 12:08:33,17.083333333333332
C,northbound,2016-05-07 09:37:28,2016-05-07 09:47:44,10.266666666666667
C,northbound,2016-05-07 07:30:28,2016-05-07 07:34:27,3.9833333333333334
C,northbound,2016-05-07 22:15:25,2016-05-07 22:19:45,4.333333333333333
C,northbound,2016-05-07 20:00:25,2016-05-07 20:14:13,13.8
C,northbound,2016-05-07 17:51:28,2016-05-07 17:59:06,7.633333333333334
C,northbound,2016-05-07 15:27:28,2016-05-07 15:28:19,0.85
C,northbound,2016-05-07 13:03:28,2016-05-07 13:07:32,4.066666666666666
C,northbound,2016-05-07 08:37:28,2016-05-07 08:36:50,-0.6333333333333333
C,northbound,2016-05-07 06:30:28,2016-05-07 06:31:44,1.2666666666666666
C,northbound,2016-05-07 02:10:25,2016-05-07 02:17:06,6.683333333333334
C,northbound,2016-05-07 00:00:25,2016-05-07 00:12:25,12.0
C,northbound,2016-05-07 21:45:25,2016-05-07 21:53:01,7.6
C,northbound,2016-05-07 14:39:28,2016-05-07 14:46:10,6.7
C,northbound,2016-05-07 12:15:28,2016-05-07 12:19:44,4.266666666666667
C,northbound,2016-05-07 01:05:25,2016-05-07 01:12:52,7.45
C,northbound,2016-05-07 23:15:25,2016-05-07 23:21:08,5.716666666666667
C,northbound,2016-05-07 21:00:25,2016-05-07 21:10:10,9.75
C,northbound,2016-05-07 18:51:28,2016-05-07 18:57:00,5.533333333333333
C,northbound,2016-05-07 14:03:28,2016-05-07 14:07:40,4.2
C,northbound,2016-05-05 07:23:31,2016-05-05 07:47:40,24.15
C,northbound,2016-05-05 08:38:31,2016-05-05 08:55:17,16.766666666666666
C,northbound,2016-05-05 06:20:25,2016-05-05 06:28:34,8.15
C,northbound,2016-05-05 15:42:31,2016-05-05 15:56:32,14.016666666666667
C,northbound,2016-05-05 13:21:28,2016-05-05 13:23:30,2.033333333333333
C,northbound,2016-05-05 10:57:28,2016-05-05 11:05:11,7.716666666666667
C,northbound,2016-05-05 08:44:31,2016-05-05 09:05:10,20.65
C,northbound,2016-05-05 06:30:31,2016-05-05 06:31:44,1.2166666666666666
C,northbound,2016-05-05 07:51:31,2016-05-05 08:06:44,15.216666666666667
C,northbound,2016-05-05 08:27:31,2016-05-05 09:01:50,34.31666666666667
C,northbound,2016-05-05 05:25:25,2016-05-05 05:28:56,3.5166666666666666
C,northbound,2016-05-05 22:45:25,2016-05-05 23:10:26,25.016666666666666
C,northbound,2016-05-05 20:27:25,2016-05-05 20:57:52,30.45
C,northbound,2016-05-05 18:10:31,2016-05-05 18:42:47,32.266666666666666
C,northbound,2016-05-05 15:50:31,2016-05-05 15:57:55,7.4
C,northbound,2016-05-05 13:33:28,2016-05-05 13:33:30,0.03333333333333333
C,northbound,2016-05-05 11:09:28,2016-05-05 11:33:32,24.066666666666666
C,northbound,2016-05-05 11:33:28,2016-05-05 11:48:34,15.1
C,northbound,2016-05-05 22:15:25,2016-05-05 22:17:03,1.6333333333333333
C,northbound,2016-05-04 12:21:28,2016-05-04 12:25:18,3.8333333333333335
C,northbound,2016-05-04 09:57:28,2016-05-04 10:16:02,18.566666666666666
C,northbound,2016-05-04 07:41:31,2016-05-04 07:59:36,18.083333333333332
C,northbound,2016-05-04 22:30:25,2016-05-04 22:30:18,-0.11666666666666667
C,northbound,2016-05-04 20:15:25,2016-05-04 20:19:36,4.183333333333334
C,northbound,2016-05-04 17:52:33,2016-05-04 17:57:39,5.1
C,northbound,2016-05-04 13:09:28,2016-05-04 13:05:14,-4.233333333333333
C,northbound,2016-05-04 10:45:28,2016-05-04 10:45:10,-0.3
C,northbound,2016-05-04 08:32:31,2016-05-04 08:38:20,5.816666666666666
C,northbound,2016-05-04 11:33:28,2016-05-04 11:41:04,7.6
C,northbound,2016-05-04 09:10:28,2016-05-04 09:26:58,16.5
C,northbound,2016-05-04 06:46:31,2016-05-04 06:53:23,6.866666666666666
C,northbound,2016-05-04 00:30:25,2016-05-04 00:31:42,1.2833333333333334
C,northbound,2016-05-04 22:15:25,2016-05-04 22:19:05,3.6666666666666665
C,northbound,2016-05-04 20:00:25,2016-05-04 20:07:47,7.366666666666666
C,northbound,2016-05-04 15:01:31,2016-05-04 15:18:01,16.5
C,northbound,2016-05-04 08:02:31,2016-05-04 08:20:23,17.866666666666667
C,northbound,2016-05-04 22:45:25,2016-05-04 22:48:54,3.4833333333333334
C,northbound,2016-05-04 17:37:33,2016-05-04 18:02:51,25.3
C,northbound,2016-05-03 08:17:31,2016-05-03 08:31:56,14.416666666666666
C,northbound,2016-05-03 18:19:31,2016-05-03 18:33:07,13.6
C,northbound,2016-05-03 15:58:31,2016-05-03 16:03:33,5.033333333333333
C,northbound,2016-05-03 07:10:31,2016-05-03 07:36:51,26.333333333333332
C,northbound,2016-05-03 05:05:25,2016-05-03 05:07:43,2.3
C,northbound,2016-05-03 07:51:31,2016-05-03 08:05:02,13.516666666666667
C,northbound,2016-05-03 01:05:25,2016-05-03 01:11:09,5.733333333333333
C,northbound,2016-05-03 23:00:25,2016-05-03 23:04:29,4.066666666666666
C,northbound,2016-05-03 20:43:25,2016-05-03 20:55:11,11.766666666666667
C,northbound,2016-05-03 18:37:31,2016-05-03 18:56:47,19.266666666666666
C,northbound,2016-05-03 16:19:33,2016-05-03 16:33:29,13.933333333333334
C,northbound,2016-05-03 17:37:33,2016-05-03 18:00:05,22.533333333333335
C,northbound,2016-05-03 15:09:31,2016-05-03 15:16:03,6.533333333333333
C,northbound,2016-05-03 08:12:31,2016-05-03 08:29:50,17.316666666666666
C,northbound,2016-05-03 22:30:25,2016-05-03 22:36:53,6.466666666666667
C,northbound,2016-05-03 20:15:25,2016-05-03 20:20:51,5.433333333333334
C,northbound,2016-05-03 17:52:33,2016-05-03 18:06:13,13.666666666666666
C,northbound,2016-05-03 15:24:31,2016-05-03 15:24:27,-0.06666666666666667
C,northbound,2016-05-03 13:09:28,2016-05-03 13:11:36,2.1333333333333333
C,northbound,2016-05-03 08:32:31,2016-05-03 08:39:27,6.933333333333334
C,northbound,2016-05-03 17:44:33,2016-05-03 17:50:23,5.833333333333333
C,northbound,2016-05-03 13:45:31,2016-05-03 13:44:26,-1.0833333333333333
C,northbound,2016-05-02 12:33:28,2016-05-02 12:46:50,13.366666666666667
C,northbound,2016-05-02 10:09:28,2016-05-02 10:16:46,7.3
C,northbound,2016-05-02 07:56:31,2016-05-02 08:04:24,7.883333333333334
C,northbound,2016-05-02 05:44:25,2016-05-02 05:49:02,4.616666666666666
C,northbound,2016-05-02 17:44:33,2016-05-02 17:53:36,9.05
C,northbound,2016-05-02 15:17:31,2016-05-02 15:25:05,7.566666666666666
C,northbound,2016-05-02 12:57:28,2016-05-02 13:00:06,2.6333333333333333
C,northbound,2016-05-02 10:33:28,2016-05-02 10:38:27,4.983333333333333
C,northbound,2016-05-02 08:22:31,2016-05-02 08:31:51,9.333333333333334
C,northbound,2016-05-02 06:10:25,2016-05-02 06:16:55,6.5
C,northbound,2016-05-02 09:35:28,2016-05-02 10:11:08,35.666666666666664
C,northbound,2016-05-02 07:18:31,2016-05-02 07:44:21,25.833333333333332
C,northbound,2016-05-02 15:42:31,2016-05-02 15:45:05,2.566666666666667
C,northbound,2016-05-02 13:21:28,2016-05-02 13:24:51,3.3833333333333333
C,northbound,2016-05-02 10:57:28,2016-05-02 11:01:45,4.283333333333333
C,northbound,2016-05-02 08:44:31,2016-05-02 08:49:18,4.783333333333333
C,northbound,2016-05-02 06:30:31,2016-05-02 06:40:01,9.5
C,northbound,2016-05-02 16:47:33,2016-05-02 17:16:38,29.083333333333332
C,northbound,2016-05-02 14:20:31,2016-05-02 14:30:17,9.766666666666667
C,northbound,2016-05-02 07:47:31,2016-05-02 08:02:56,15.416666666666666
C,northbound,2016-05-02 18:37:31,2016-05-02 18:49:38,12.116666666666667
C,northbound,2016-05-02 15:24:31,2016-05-02 15:29:56,5.416666666666667
C,northbound,2016-05-02 08:06:31,2016-05-02 08:22:48,16.283333333333335
C,northbound,2016-05-02 06:00:25,2016-05-02 06:12:47,12.366666666666667
C,northbound,2016-05-01 22:45:25,2016-05-01 22:53:07,7.7
C,northbound,2016-05-01 20:30:25,2016-05-01 21:02:08,31.716666666666665
C,northbound,2016-05-01 18:15:28,2016-05-01 18:17:04,1.6
C,northbound,2016-05-01 15:45:28,2016-05-01 15:43:14,-2.2333333333333334
C,northbound,2016-05-01 13:15:28,2016-05-01 13:17:04,1.6
C,northbound,2016-05-01 08:15:28,2016-05-01 08:18:23,2.9166666666666665
C,northbound,2016-05-01 06:15:28,2016-05-01 06:15:35,0.11666666666666667
C,northbound,2016-05-01 23:30:25,2016-05-01 23:30:20,-0.08333333333333333
C,northbound,2016-05-01 21:15:25,2016-05-01 21:16:55,1.5
C,northbound,2016-05-01 19:00:25,2016-05-01 18:57:08,-3.283333333333333
C,northbound,2016-05-01 16:30:28,2016-05-01 16:30:25,-0.05
C,northbound,2016-05-01 14:00:28,2016-05-01 14:00:35,0.11666666666666667
C,northbound,2016-05-01 11:30:28,2016-05-01 11:29:48,-0.6666666666666666
C,northbound,2016-05-01 09:00:28,2016-05-01 08:56:29,-3.9833333333333334
C,northbound,2016-05-01 07:00:28,2016-05-01 06:59:43,-0.75
C,northbound,2016-05-01 19:45:25,2016-05-01 19:59:07,13.7
C,northbound,2016-05-01 17:30:28,2016-05-01 17:31:42,1.2333333333333334
C,northbound,2016-05-01 05:25:28,2016-05-01 05:23:31,-1.95
C,northbound,2016-04-30 16:15:28,2016-04-30 16:28:59,13.516666666666667
C,northbound,2016-04-30 13:51:28,2016-04-30 14:03:38,12.166666666666666
C,northbound,2016-04-30 17:03:28,2016-04-30 17:27:41,24.216666666666665
C,northbound,2016-04-30 14:39:28,2016-04-30 14:43:07,3.65
C,northbound,2016-04-30 12:15:28,2016-04-30 12:24:57,9.483333333333333
C,northbound,2016-04-30 17:39:28,2016-04-30 18:03:43,24.25
C,northbound,2016-04-30 15:15:28,2016-04-30 15:45:44,30.266666666666666
C,northbound,2016-04-30 12:51:28,2016-04-30 12:58:37,7.15
C,northbound,2016-04-30 10:25:28,2016-04-30 10:34:27,8.983333333333333
C,northbound,2016-04-30 06:15:28,2016-04-30 06:15:38,0.16666666666666666
C,northbound,2016-04-30 18:27:28,2016-04-30 18:28:56,1.4666666666666666
C,northbound,2016-04-30 13:39:28,2016-04-30 14:36:28,57.0
C,northbound,2016-04-30 11:15:28,2016-04-30 11:58:24,42.93333333333333
C,northbound,2016-04-30 15:03:28,2016-04-30 15:42:18,38.833333333333336
C,northbound,2016-04-30 12:39:28,2016-04-30 12:59:11,19.716666666666665
C,northbound,2016-04-30 10:13:28,2016-04-30 10:35:43,22.25
C,northbound,2016-04-30 08:12:28,2016-04-30 08:22:22,9.9
C,northbound,2016-04-30 23:30:25,2016-04-30 23:38:22,7.95
C,northbound,2016-04-30 21:15:25,2016-04-30 21:31:15,15.833333333333334
C,northbound,2016-04-30 19:03:25,2016-04-30 19:19:09,15.733333333333333
C,northbound,2016-04-30 16:39:28,2016-04-30 17:19:23,39.916666666666664
C,northbound,2016-04-30 14:15:28,2016-04-30 14:36:33,21.083333333333332
C,northbound,2016-04-30 11:51:28,2016-04-30 12:25:04,33.6
C,northbound,2016-04-30 09:37:28,2016-04-30 10:02:14,24.766666666666666
C,northbound,2016-04-30 07:30:28,2016-04-30 07:45:02,14.566666666666666
C,northbound,2016-04-30 18:51:28,2016-04-30 19:01:50,10.366666666666667
C,northbound,2016-04-30 16:27:28,2016-04-30 16:38:23,10.916666666666666
C,northbound,2016-04-30 14:03:28,2016-04-30 14:08:36,5.133333333333334
C,northbound,2016-04-30 11:39:28,2016-04-30 11:45:41,6.216666666666667
C,northbound,2016-04-30 07:15:28,2016-04-30 07:20:48,5.333333333333333
C,northbound,2016-04-30 05:25:28,2016-04-30 05:27:43,2.25
C,northbound,2016-04-30 02:10:25,2016-04-30 02:18:20,7.916666666666667
C,northbound,2016-04-30 00:00:25,2016-04-30 00:11:40,11.25
C,northbound,2016-04-30 21:45:25,2016-04-30 22:17:43,32.3
C,northbound,2016-04-30 22:15:25,2016-04-30 22:34:26,19.016666666666666
C,northbound,2016-04-30 20:00:25,2016-04-30 20:13:07,12.7
C,northbound,2016-04-30 17:51:28,2016-04-30 18:03:45,12.283333333333333
C,northbound,2016-04-30 15:27:28,2016-04-30 15:39:23,11.916666666666666
C,northbound,2016-04-30 13:03:28,2016-04-30 13:08:50,5.366666666666666
C,northbound,2016-04-30 10:37:28,2016-04-30 10:45:17,7.816666666666666
C,northbound,2016-04-30 08:37:28,2016-04-30 08:42:49,5.35
C,northbound,2016-04-30 06:30:28,2016-04-30 06:30:16,-0.2
C,northbound,2016-04-30 00:30:25,2016-04-30 00:28:52,-1.55
C,northbound,2016-04-30 22:45:25,2016-04-30 22:45:01,-0.4
C,northbound,2016-04-30 20:30:25,2016-04-30 20:33:01,2.6
C,northbound,2016-04-30 18:15:28,2016-04-30 18:15:42,0.23333333333333334
C,northbound,2016-04-30 15:51:28,2016-04-30 16:13:56,22.466666666666665
C,northbound,2016-04-30 13:27:28,2016-04-30 13:53:49,26.35
C,northbound,2016-04-30 11:03:28,2016-04-30 11:45:04,41.6
C,northbound,2016-04-30 09:01:28,2016-04-30 09:15:51,14.383333333333333
C,northbound,2016-04-30 21:30:25,2016-04-30 21:40:27,10.033333333333333
C,northbound,2016-04-30 19:30:25,2016-04-30 19:38:16,7.85
C,northbound,2016-04-30 14:51:28,2016-04-30 14:55:30,4.033333333333333
C,northbound,2016-04-28 06:00:25,2016-04-28 06:05:02,4.616666666666666
C,northbound,2016-04-28 03:25:25,2016-04-28 03:43:22,17.95
C,northbound,2016-04-28 01:05:25,2016-04-28 01:08:24,2.9833333333333334
C,northbound,2016-04-28 23:00:25,2016-04-28 23:02:27,2.033333333333333
C,northbound,2016-04-28 20:43:25,2016-04-28 20:44:49,1.4
C,northbound,2016-04-28 15:42:31,2016-04-28 15:44:26,1.9166666666666667
C,northbound,2016-04-28 13:21:28,2016-04-28 13:18:23,-3.0833333333333335
C,northbound,2016-04-28 10:57:28,2016-04-28 10:55:09,-2.316666666666667
C,northbound,2016-04-28 08:44:31,2016-04-28 08:45:34,1.05
C,northbound,2016-04-28 06:30:31,2016-04-28 06:33:31,3.0
C,northbound,2016-04-28 07:23:31,2016-04-28 07:27:40,4.15
C,northbound,2016-04-28 02:10:25,2016-04-28 02:17:13,6.8
C,northbound,2016-04-28 00:00:25,2016-04-28 00:06:24,5.983333333333333
C,northbound,2016-04-28 21:45:25,2016-04-28 21:49:06,3.683333333333333
C,northbound,2016-04-28 09:25:28,2016-04-28 09:32:03,6.583333333333333
C,northbound,2016-04-28 07:02:31,2016-04-28 07:05:05,2.566666666666667
C,northbound,2016-04-28 08:38:31,2016-04-28 08:42:29,3.966666666666667
C,northbound,2016-04-28 06:20:25,2016-04-28 06:19:58,-0.45
C,northbound,2016-04-28 07:51:31,2016-04-28 07:59:23,7.866666666666666
C,northbound,2016-04-28 08:56:31,2016-04-28 08:59:05,2.566666666666667
C,northbound,2016-04-28 07:47:31,2016-04-28 07:51:31,4.0
C,northbound,2016-04-28 18:57:28,2016-04-28 19:01:54,4.433333333333334
C,northbound,2016-04-27 11:57:28,2016-04-27 11:53:51,-3.6166666666666667
C,northbound,2016-04-27 09:35:28,2016-04-27 09:41:11,5.716666666666667
C,northbound,2016-04-27 07:18:31,2016-04-27 07:21:54,3.3833333333333333
C,northbound,2016-04-27 08:02:31,2016-04-27 08:06:36,4.083333333333333
C,northbound,2016-04-27 17:44:33,2016-04-27 17:50:24,5.85
C,northbound,2016-04-27 15:17:31,2016-04-27 15:21:09,3.6333333333333333
C,northbound,2016-04-27 12:57:28,2016-04-27 12:58:17,0.8166666666666667
C,northbound,2016-04-27 10:33:28,2016-04-27 10:31:40,-1.8
C,northbound,2016-04-27 08:22:31,2016-04-27 08:21:43,-0.8
C,northbound,2016-04-27 06:10:25,2016-04-27 06:12:49,2.4
C,northbound,2016-04-27 08:12:31,2016-04-27 08:17:05,4.566666666666666
C,northbound,2016-04-27 18:37:31,2016-04-27 18:37:44,0.21666666666666667
C,northbound,2016-04-27 16:19:33,2016-04-27 16:29:28,9.916666666666666
C,northbound,2016-04-27 08:17:31,2016-04-27 08:24:36,7.083333333333333
C,northbound,2016-04-27 04:35:25,2016-04-27 04:43:37,8.2
C,northbound,2016-04-27 02:10:25,2016-04-27 02:13:40,3.25
C,northbound,2016-04-27 00:00:25,2016-04-27 00:03:38,3.216666666666667
C,northbound,2016-04-27 21:45:25,2016-04-27 22:00:30,15.083333333333334
C,northbound,2016-04-27 13:57:31,2016-04-27 13:54:23,-3.1333333333333333
C,northbound,2016-04-27 09:18:28,2016-04-27 09:16:58,-1.5
C,northbound,2016-04-27 06:54:31,2016-04-27 06:54:55,0.4
C,northbound,2016-04-27 08:27:31,2016-04-27 08:33:30,5.983333333333333
C,northbound,2016-04-26 10:57:28,2016-04-26 10:58:15,0.7833333333333333
C,northbound,2016-04-26 08:44:31,2016-04-26 08:39:34,-4.95
C,northbound,2016-04-26 06:30:31,2016-04-26 06:33:31,3.0
C,northbound,2016-04-26 22:45:25,2016-04-26 22:42:16,-3.15
C,northbound,2016-04-26 20:27:25,2016-04-26 20:27:32,0.11666666666666667
C,northbound,2016-04-26 18:10:31,2016-04-26 18:14:20,3.816666666666667
C,northbound,2016-04-26 15:50:31,2016-04-26 15:48:19,-2.2
C,northbound,2016-04-26 13:33:28,2016-04-26 13:31:14,-2.2333333333333334
C,northbound,2016-04-26 11:09:28,2016-04-26 11:10:18,0.8333333333333334
C,northbound,2016-04-26 08:51:31,2016-04-26 08:57:30,5.983333333333333
C,northbound,2016-04-26 21:30:25,2016-04-26 21:32:52,2.45
C,northbound,2016-04-26 19:17:28,2016-04-26 19:27:36,10.133333333333333
C,northbound,2016-04-26 17:01:33,2016-04-26 17:06:56,5.383333333333334
C,northbound,2016-04-26 18:01:31,2016-04-26 17:59:37,-1.9
C,northbound,2016-04-26 15:34:31,2016-04-26 15:33:48,-0.7166666666666667
C,northbound,2016-04-26 08:38:31,2016-04-26 08:36:33,-1.9666666666666666
C,northbound,2016-04-26 06:20:25,2016-04-26 06:21:35,1.1666666666666667
C,northbound,2016-04-26 07:10:31,2016-04-26 07:15:32,5.016666666666667
C,northbound,2016-04-26 05:05:25,2016-04-26 05:06:08,0.7166666666666667
C,northbound,2016-04-26 13:45:31,2016-04-26 13:40:57,-4.566666666666666
C,northbound,2016-04-26 11:21:28,2016-04-26 11:23:45,2.283333333333333
C,northbound,2016-04-26 07:28:31,2016-04-26 07:31:55,3.4
C,northbound,2016-04-25 13:57:31,2016-04-25 13:53:11,-4.333333333333333
C,northbound,2016-04-25 11:45:28,2016-04-25 11:42:25,-3.05
C,northbound,2016-04-25 09:18:28,2016-04-25 09:21:36,3.1333333333333333
C,northbound,2016-04-25 06:54:31,2016-04-25 06:54:47,0.26666666666666666
C,northbound,2016-04-25 07:23:31,2016-04-25 07:32:10,8.65
C,northbound,2016-04-25 07:51:31,2016-04-25 07:59:02,7.516666666666667
C,northbound,2016-04-25 21:45:25,2016-04-25 21:50:11,4.766666666666667
C,northbound,2016-04-25 07:10:31,2016-04-25 07:15:26,4.916666666666667
C,northbound,2016-04-25 05:05:25,2016-04-25 05:08:51,3.433333333333333
C,northbound,2016-04-25 08:12:31,2016-04-25 08:24:59,12.466666666666667
C,northbound,2016-04-25 15:42:31,2016-04-25 15:44:27,1.9333333333333333
C,northbound,2016-04-25 13:21:28,2016-04-25 13:18:18,-3.1666666666666665
C,northbound,2016-04-25 10:57:28,2016-04-25 10:55:29,-1.9833333333333334
C,northbound,2016-04-25 08:44:31,2016-04-25 08:47:22,2.85
C,northbound,2016-04-25 06:30:31,2016-04-25 06:33:38,3.1166666666666667
C,northbound,2016-04-25 16:12:33,2016-04-25 16:10:39,-1.9
C,northbound,2016-04-25 13:45:31,2016-04-25 13:40:56,-4.583333333333333
C,northbound,2016-04-25 11:21:28,2016-04-25 11:15:24,-6.066666666666666
C,northbound,2016-04-25 09:02:31,2016-04-25 09:05:10,2.65
C,northbound,2016-04-25 19:45:25,2016-04-25 19:40:47,-4.633333333333334
C,northbound,2016-04-25 17:22:33,2016-04-25 17:21:12,-1.35
C,northbound,2016-04-25 18:19:31,2016-04-25 18:18:59,-0.5333333333333333
C,northbound,2016-04-24 11:30:28,2016-04-24 11:23:24,-7.066666666666666
C,northbound,2016-04-24 09:00:28,2016-04-24 08:54:23,-6.083333333333333
C,northbound,2016-04-24 07:00:28,2016-04-24 06:55:35,-4.883333333333334
C,northbound,2016-04-24 02:10:25,2016-04-24 02:13:17,2.8666666666666667
C,northbound,2016-04-24 00:00:25,2016-04-24 00:02:18,1.8833333333333333
C,northbound,2016-04-24 21:45:25,2016-04-24 21:44:53,-0.5333333333333333
C,northbound,2016-04-24 17:00:28,2016-04-24 16:59:37,-0.85
C,northbound,2016-04-24 14:30:28,2016-04-24 14:27:36,-2.8666666666666667
C,northbound,2016-04-24 12:00:28,2016-04-24 11:55:41,-4.783333333333333
C,northbound,2016-04-24 09:30:28,2016-04-24 09:24:51,-5.616666666666666
C,northbound,2016-04-24 07:30:28,2016-04-24 07:27:23,-3.0833333333333335
C,northbound,2016-04-24 05:25:28,2016-04-24 05:24:51,-0.6166666666666667
C,northbound,2016-04-24 22:00:25,2016-04-24 21:59:35,-0.8333333333333334
C,northbound,2016-04-24 19:45:25,2016-04-24 19:46:21,0.9333333333333333
C,northbound,2016-04-24 17:30:28,2016-04-24 17:26:17,-4.183333333333334
C,northbound,2016-04-24 15:00:28,2016-04-24 14:53:10,-7.3
C,northbound,2016-04-24 12:30:28,2016-04-24 12:26:16,-4.2
C,northbound,2016-04-24 10:00:28,2016-04-24 09:54:07,-6.35
C,northbound,2016-04-24 07:45:28,2016-04-24 07:43:24,-2.066666666666667
C,northbound,2016-04-24 03:25:25,2016-04-24 03:27:14,1.8166666666666667
C,northbound,2016-04-24 01:05:25,2016-04-24 01:04:56,-0.48333333333333334
C,northbound,2016-04-24 11:00:28,2016-04-24 10:53:05,-7.383333333333334
C,northbound,2016-04-23 11:51:28,2016-04-23 11:51:37,0.15
C,northbound,2016-04-23 09:37:28,2016-04-23 09:39:50,2.3666666666666667
C,northbound,2016-04-23 07:30:28,2016-04-23 07:31:40,1.2
C,northbound,2016-04-23 22:45:25,2016-04-23 22:47:26,2.0166666666666666
C,northbound,2016-04-23 20:30:25,2016-04-23 20:32:52,2.45
C,northbound,2016-04-23 18:15:28,2016-04-23 18:17:00,1.5333333333333334
C,northbound,2016-04-23 15:51:28,2016-04-23 15:55:31,4.05
C,northbound,2016-04-23 13:27:28,2016-04-23 13:37:00,9.533333333333333
C,northbound,2016-04-23 11:03:28,2016-04-23 11:08:55,5.45
C,northbound,2016-04-23 01:05:25,2016-04-23 01:07:34,2.15
C,northbound,2016-04-23 23:15:25,2016-04-23 23:18:17,2.8666666666666667
C,northbound,2016-04-23 21:00:25,2016-04-23 21:04:51,4.433333333333334
C,northbound,2016-04-23 02:10:25,2016-04-23 02:12:50,2.4166666666666665
C,northbound,2016-04-23 00:00:25,2016-04-23 00:05:05,4.666666666666667
C,northbound,2016-04-23 21:45:25,2016-04-23 21:49:48,4.383333333333334
C,northbound,2016-04-23 18:27:28,2016-04-23 18:24:56,-2.533333333333333
C,northbound,2016-04-23 16:03:28,2016-04-23 16:00:58,-2.5
C,northbound,2016-04-23 13:39:28,2016-04-23 13:40:33,1.0833333333333333
C,northbound,2016-04-23 11:15:28,2016-04-23 11:13:01,-2.45
C,northbound,2016-04-23 09:13:28,2016-04-23 09:10:04,-3.4
C,northbound,2016-04-23 07:00:28,2016-04-23 06:58:01,-2.45
C,northbound,2016-04-23 22:00:25,2016-04-23 22:03:31,3.1
C,northbound,2016-04-23 19:45:25,2016-04-23 19:47:35,2.1666666666666665
C,northbound,2016-04-23 17:27:28,2016-04-23 17:27:44,0.26666666666666666
C,northbound,2016-04-23 15:03:28,2016-04-23 15:06:24,2.933333333333333
C,northbound,2016-04-23 12:39:28,2016-04-23 12:42:28,3.0
C,northbound,2016-04-23 10:13:28,2016-04-23 10:19:43,6.25
C,northbound,2016-04-23 08:12:28,2016-04-23 08:15:39,3.183333333333333
C,northbound,2016-04-23 22:30:25,2016-04-23 22:33:01,2.6
C,northbound,2016-04-23 20:15:25,2016-04-23 20:18:16,2.85
C,northbound,2016-04-23 18:03:28,2016-04-23 18:04:27,0.9833333333333333
C,northbound,2016-04-23 15:39:28,2016-04-23 15:39:34,0.1
C,northbound,2016-04-23 13:15:28,2016-04-23 13:18:10,2.7
C,northbound,2016-04-23 10:49:28,2016-04-23 10:52:58,3.5
C,northbound,2016-04-23 08:49:28,2016-04-23 08:48:59,-0.48333333333333334
C,northbound,2016-04-23 06:45:28,2016-04-23 06:47:35,2.1166666666666667
C,northbound,2016-04-23 22:15:25,2016-04-23 22:22:10,6.75
C,northbound,2016-04-23 20:00:25,2016-04-23 20:01:09,0.7333333333333333
C,northbound,2016-04-23 17:51:28,2016-04-23 17:52:59,1.5166666666666666
C,northbound,2016-04-23 15:27:28,2016-04-23 15:23:44,-3.7333333333333334
C,northbound,2016-04-23 13:03:28,2016-04-23 13:02:29,-0.9833333333333333
C,northbound,2016-04-23 10:37:28,2016-04-23 10:36:53,-0.5833333333333334
C,northbound,2016-04-23 08:37:28,2016-04-23 08:35:33,-1.9166666666666667
C,northbound,2016-04-23 06:30:28,2016-04-23 06:30:11,-0.2833333333333333
C,northbound,2016-04-23 17:39:28,2016-04-23 17:40:27,0.9833333333333333
C,northbound,2016-04-23 15:15:28,2016-04-23 15:12:52,-2.6
C,northbound,2016-04-23 12:51:28,2016-04-23 12:54:11,2.716666666666667
C,northbound,2016-04-23 10:25:28,2016-04-23 10:24:49,-0.65
C,northbound,2016-04-23 06:15:28,2016-04-23 06:14:09,-1.3166666666666667
C,northbound,2016-04-21 13:33:28,2016-04-21 13:32:33,-0.9166666666666666
C,northbound,2016-04-21 11:09:28,2016-04-21 11:07:41,-1.7833333333333334
C,northbound,2016-04-21 08:51:31,2016-04-21 08:56:17,4.766666666666667
C,northbound,2016-04-21 23:30:25,2016-04-21 23:32:32,2.1166666666666667
C,northbound,2016-04-21 21:15:25,2016-04-21 21:20:00,4.583333333333333
C,northbound,2016-04-21 18:57:28,2016-04-21 19:03:13,5.75
C,northbound,2016-04-21 16:40:33,2016-04-21 16:45:13,4.666666666666667
C,northbound,2016-04-21 08:56:31,2016-04-21 08:57:38,1.1166666666666667
C,northbound,2016-04-21 08:27:31,2016-04-21 08:30:35,3.066666666666667
C,northbound,2016-04-21 16:12:33,2016-04-21 16:09:17,-3.2666666666666666
C,northbound,2016-04-21 13:45:31,2016-04-21 13:43:10,-2.35
C,northbound,2016-04-21 09:02:31,2016-04-21 09:02:11,-0.3333333333333333
C,northbound,2016-04-21 11:21:28,2016-04-21 11:19:07,-2.35
C,northbound,2016-04-21 06:39:31,2016-04-21 06:36:37,-2.9
C,northbound,2016-04-21 00:30:25,2016-04-21 00:27:36,-2.816666666666667
C,northbound,2016-04-21 22:15:25,2016-04-21 22:12:58,-2.45
C,northbound,2016-04-21 20:00:25,2016-04-21 20:00:47,0.36666666666666664
C,northbound,2016-04-21 17:29:33,2016-04-21 17:34:41,5.133333333333334
C,northbound,2016-04-21 15:01:31,2016-04-21 15:03:13,1.7
C,northbound,2016-04-21 08:12:31,2016-04-21 08:18:19,5.8
C,northbound,2016-04-21 07:10:31,2016-04-21 07:14:08,3.6166666666666667
C,northbound,2016-04-21 06:10:25,2016-04-21 06:12:33,2.1333333333333333
C,northbound,2016-04-20 18:01:31,2016-04-20 18:04:52,3.35
C,northbound,2016-04-20 15:34:31,2016-04-20 15:42:59,8.466666666666667
C,northbound,2016-04-20 07:28:31,2016-04-20 07:35:07,6.6
C,northbound,2016-04-20 05:25:25,2016-04-20 05:29:01,3.6
C,northbound,2016-04-20 01:05:25,2016-04-20 01:02:16,-3.15
C,northbound,2016-04-20 23:00:25,2016-04-20 22:59:25,-1.0
C,northbound,2016-04-20 20:43:25,2016-04-20 20:41:48,-1.6166666666666667
C,northbound,2016-04-20 08:02:31,2016-04-20 08:12:42,10.183333333333334
C,northbound,2016-04-20 21:30:25,2016-04-20 21:43:03,12.633333333333333
C,northbound,2016-04-20 19:17:28,2016-04-20 19:30:23,12.916666666666666
C,northbound,2016-04-20 07:10:31,2016-04-20 07:23:09,12.633333333333333
C,northbound,2016-04-20 05:05:25,2016-04-20 05:06:24,0.9833333333333333
C,northbound,2016-04-20 10:09:28,2016-04-20 10:08:51,-0.6166666666666667
C,northbound,2016-04-20 07:56:31,2016-04-20 08:01:53,5.366666666666666
C,northbound,2016-04-20 05:44:25,2016-04-20 05:44:53,0.4666666666666667
C,northbound,2016-04-20 07:47:31,2016-04-20 07:53:12,5.683333333333334
C,northbound,2016-04-20 16:12:33,2016-04-20 16:24:25,11.866666666666667
C,northbound,2016-04-20 11:21:28,2016-04-20 11:18:11,-3.283333333333333
C,northbound,2016-04-20 09:02:31,2016-04-20 09:03:31,1.0
C,northbound,2016-04-20 06:20:25,2016-04-20 06:19:55,-0.5
C,northbound,2016-04-19 08:44:31,2016-04-19 08:45:44,1.2166666666666666
C,northbound,2016-04-19 06:30:31,2016-04-19 06:32:01,1.5
C,northbound,2016-04-19 16:47:33,2016-04-19 16:48:56,1.3833333333333333
C,northbound,2016-04-19 14:20:31,2016-04-19 14:26:12,5.683333333333334
C,northbound,2016-04-19 12:09:28,2016-04-19 12:08:48,-0.6666666666666666
C,northbound,2016-04-19 09:45:28,2016-04-19 09:45:27,-0.016666666666666666
C,northbound,2016-04-19 07:33:31,2016-04-19 07:39:44,6.216666666666667
C,northbound,2016-04-19 08:17:31,2016-04-19 08:20:32,3.0166666666666666
C,northbound,2016-04-19 16:33:33,2016-04-19 16:33:52,0.31666666666666665
C,northbound,2016-04-19 14:09:31,2016-04-19 14:08:58,-0.55
C,northbound,2016-04-19 11:57:28,2016-04-19 11:56:55,-0.55
C,northbound,2016-04-19 09:35:28,2016-04-19 09:44:09,8.683333333333334
C,northbound,2016-04-19 07:18:31,2016-04-19 07:23:12,4.683333333333334
C,northbound,2016-04-19 17:37:33,2016-04-19 17:38:25,0.8666666666666667
C,northbound,2016-04-19 15:09:31,2016-04-19 15:10:57,1.4333333333333333
C,northbound,2016-04-19 12:45:28,2016-04-19 12:42:27,-3.0166666666666666
C,northbound,2016-04-19 10:21:28,2016-04-19 10:18:23,-3.0833333333333335
C,northbound,2016-04-19 08:06:31,2016-04-19 08:12:31,6.0
C,northbound,2016-04-19 06:00:25,2016-04-19 06:02:10,1.75
C,northbound,2016-04-19 09:10:28,2016-04-19 09:14:15,3.783333333333333
C,northbound,2016-04-19 07:23:31,2016-04-19 07:23:10,-0.35
C,northbound,2016-04-19 18:19:31,2016-04-19 18:17:27,-2.066666666666667
C,northbound,2016-04-18 07:41:31,2016-04-18 07:41:19,-0.2
C,northbound,2016-04-18 18:47:31,2016-04-18 18:48:20,0.8166666666666667
C,northbound,2016-04-18 16:26:33,2016-04-18 16:28:43,2.1666666666666665
C,northbound,2016-04-18 13:57:31,2016-04-18 13:53:47,-3.7333333333333334
C,northbound,2016-04-18 11:45:28,2016-04-18 11:43:09,-2.316666666666667
C,northbound,2016-04-18 09:18:28,2016-04-18 09:18:42,0.23333333333333334
C,northbound,2016-04-18 06:54:31,2016-04-18 06:51:32,-2.9833333333333334
C,northbound,2016-04-18 08:17:31,2016-04-18 08:18:53,1.3666666666666667
C,northbound,2016-04-18 17:44:33,2016-04-18 17:45:16,0.7166666666666667
C,northbound,2016-04-18 15:17:31,2016-04-18 15:23:23,5.866666666666666
C,northbound,2016-04-18 12:57:28,2016-04-18 12:56:32,-0.9333333333333333
C,northbound,2016-04-18 10:33:28,2016-04-18 10:27:41,-5.783333333333333
C,northbound,2016-04-18 08:22:31,2016-04-18 08:23:08,0.6166666666666667
C,northbound,2016-04-18 06:10:25,2016-04-18 06:11:09,0.7333333333333333
C,northbound,2016-04-18 07:28:31,2016-04-18 07:36:42,8.183333333333334
C,northbound,2016-04-18 05:25:25,2016-04-18 05:28:59,3.566666666666667
C,northbound,2016-04-18 16:33:33,2016-04-18 16:36:20,2.783333333333333
C,northbound,2016-04-18 14:09:31,2016-04-18 14:14:23,4.866666666666666
C,northbound,2016-04-18 11:57:28,2016-04-18 12:02:30,5.033333333333333
C,northbound,2016-04-18 07:18:31,2016-04-18 07:26:05,7.566666666666666
C,northbound,2016-04-18 15:42:31,2016-04-18 15:44:26,1.9166666666666667
C,northbound,2016-04-18 13:33:28,2016-04-18 13:31:47,-1.6833333333333333
C,northbound,2016-04-17 08:45:28,2016-04-17 08:39:31,-5.95
C,northbound,2016-04-17 06:45:28,2016-04-17 06:44:51,-0.6166666666666667
C,northbound,2016-04-17 17:00:28,2016-04-17 16:58:35,-1.8833333333333333
C,northbound,2016-04-17 14:30:28,2016-04-17 14:24:53,-5.583333333333333
C,northbound,2016-04-17 12:00:28,2016-04-17 11:56:57,-3.5166666666666666
C,northbound,2016-04-17 09:30:28,2016-04-17 09:25:01,-5.45
C,northbound,2016-04-17 07:30:28,2016-04-17 07:27:25,-3.05
C,northbound,2016-04-17 05:25:28,2016-04-17 05:25:43,0.25
C,northbound,2016-04-17 22:00:25,2016-04-17 21:59:41,-0.7333333333333333
C,northbound,2016-04-17 19:45:25,2016-04-17 19:47:32,2.1166666666666667
C,northbound,2016-04-17 17:30:28,2016-04-17 17:26:17,-4.183333333333334
C,northbound,2016-04-17 15:00:28,2016-04-17 14:56:48,-3.6666666666666665
C,northbound,2016-04-17 12:30:28,2016-04-17 12:26:08,-4.333333333333333
C,northbound,2016-04-17 10:00:28,2016-04-17 09:55:25,-5.05
C,northbound,2016-04-17 07:45:28,2016-04-17 07:43:25,-2.05
C,northbound,2016-04-17 05:45:28,2016-04-17 05:44:44,-0.7333333333333333
C,northbound,2016-04-17 02:10:25,2016-04-17 02:15:05,4.666666666666667
C,northbound,2016-04-17 00:00:25,2016-04-17 00:03:39,3.2333333333333334
C,northbound,2016-04-17 21:45:25,2016-04-17 21:47:35,2.1666666666666665
C,northbound,2016-04-17 16:00:28,2016-04-17 15:58:13,-2.25
C,northbound,2016-04-17 13:30:28,2016-04-17 13:26:18,-4.166666666666667
C,northbound,2016-04-17 09:45:28,2016-04-17 09:41:55,-3.55
C,northbound,2016-04-16 10:49:28,2016-04-16 10:50:06,0.6333333333333333
C,northbound,2016-04-16 08:49:28,2016-04-16 08:48:47,-0.6833333333333333
C,northbound,2016-04-16 22:00:25,2016-04-16 22:04:56,4.516666666666667
C,northbound,2016-04-16 19:45:25,2016-04-16 19:49:00,3.5833333333333335
C,northbound,2016-04-16 17:27:28,2016-04-16 17:27:40,0.2
C,northbound,2016-04-16 15:03:28,2016-04-16 15:04:37,1.15
C,northbound,2016-04-16 12:39:28,2016-04-16 12:47:52,8.4
C,northbound,2016-04-16 10:13:28,2016-04-16 10:20:55,7.45
C,northbound,2016-04-16 08:12:28,2016-04-16 08:13:51,1.3833333333333333
C,northbound,2016-04-16 22:15:25,2016-04-16 22:18:27,3.033333333333333
C,northbound,2016-04-16 20:00:25,2016-04-16 20:01:45,1.3333333333333333
C,northbound,2016-04-16 17:51:28,2016-04-16 17:50:13,-1.25
C,northbound,2016-04-16 15:27:28,2016-04-16 15:24:53,-2.5833333333333335
C,northbound,2016-04-16 10:37:28,2016-04-16 10:39:39,2.183333333333333
C,northbound,2016-04-16 08:37:28,2016-04-16 08:37:07,-0.35
C,northbound,2016-04-16 06:30:28,2016-04-16 06:29:42,-0.7666666666666667
C,northbound,2016-04-16 17:03:28,2016-04-16 17:02:30,-0.9666666666666667
C,northbound,2016-04-16 14:39:28,2016-04-16 14:38:06,-1.3666666666666667
C,northbound,2016-04-16 12:15:28,2016-04-16 12:15:36,0.13333333333333333
C,northbound,2016-04-16 01:05:25,2016-04-16 01:08:51,3.433333333333333
C,northbound,2016-04-16 23:15:25,2016-04-16 23:18:06,2.683333333333333
C,northbound,2016-04-16 21:00:25,2016-04-16 21:02:13,1.8
C,northbound,2016-04-16 23:00:25,2016-04-16 23:00:59,0.5666666666666667
C,northbound,2016-04-16 20:45:25,2016-04-16 20:49:48,4.383333333333334
C,northbound,2016-04-16 18:39:28,2016-04-16 18:41:53,2.4166666666666665
C,northbound,2016-04-16 16:15:28,2016-04-16 16:19:32,4.066666666666666
C,northbound,2016-04-16 13:51:28,2016-04-16 13:51:42,0.23333333333333334
C,northbound,2016-04-16 11:27:28,2016-04-16 11:25:06,-2.3666666666666667
C,northbound,2016-04-16 21:30:25,2016-04-16 21:37:46,7.35
C,northbound,2016-04-16 19:15:25,2016-04-16 19:26:08,10.716666666666667
C,northbound,2016-04-16 16:51:28,2016-04-16 16:55:35,4.116666666666666
C,northbound,2016-04-16 14:27:28,2016-04-16 14:24:50,-2.6333333333333333
C,northbound,2016-04-16 12:03:28,2016-04-16 12:03:33,0.08333333333333333
C,northbound,2016-04-16 09:49:28,2016-04-16 09:47:36,-1.8666666666666667
C,northbound,2016-04-16 07:45:28,2016-04-16 07:42:16,-3.2
C,northbound,2016-04-16 05:45:28,2016-04-16 05:46:10,0.7
C,northbound,2016-04-16 19:30:25,2016-04-16 19:28:53,-1.5333333333333334
C,northbound,2016-04-16 17:15:28,2016-04-16 17:15:27,-0.016666666666666666
C,northbound,2016-04-16 14:51:28,2016-04-16 14:48:56,-2.533333333333333
C,northbound,2016-04-16 12:27:28,2016-04-16 12:23:46,-3.7
C,northbound,2016-04-16 10:01:28,2016-04-16 09:58:03,-3.4166666666666665
C,northbound,2016-04-16 08:00:28,2016-04-16 07:56:46,-3.7
C,northbound,2016-04-16 06:00:28,2016-04-16 05:59:26,-1.0333333333333334
C,northbound,2016-04-16 17:39:28,2016-04-16 17:40:29,1.0166666666666666
C,northbound,2016-04-16 15:15:28,2016-04-16 15:15:33,0.08333333333333333
C,northbound,2016-04-16 15:15:28,2016-04-16 15:15:33,0.08333333333333333
C,northbound,2016-04-16 12:51:28,2016-04-16 12:50:12,-1.2666666666666666
C,northbound,2016-04-16 12:51:28,2016-04-16 12:50:12,-1.2666666666666666
C,northbound,2016-04-16 10:25:28,2016-04-16 10:23:22,-2.1
C,northbound,2016-04-16 08:24:28,2016-04-16 08:23:23,-1.0833333333333333
C,northbound,2016-04-16 06:15:28,2016-04-16 06:16:47,1.3166666666666667
C,northbound,2016-04-16 00:30:25,2016-04-16 00:27:40,-2.75
C,northbound,2016-04-16 20:30:25,2016-04-16 20:30:07,-0.3
C,northbound,2016-04-14 06:54:31,2016-04-14 06:53:09,-1.3666666666666667
C,northbound,2016-04-14 08:02:31,2016-04-14 08:02:06,-0.4166666666666667
C,northbound,2016-04-14 07:47:31,2016-04-14 08:01:11,13.666666666666666
C,northbound,2016-04-14 17:44:33,2016-04-14 17:48:15,3.7
C,northbound,2016-04-14 15:17:31,2016-04-14 15:25:45,8.233333333333333
C,northbound,2016-04-14 12:57:28,2016-04-14 12:55:40,-1.8
C,northbound,2016-04-14 10:33:28,2016-04-14 10:29:06,-4.366666666666666
C,northbound,2016-04-14 08:22:31,2016-04-14 08:18:57,-3.566666666666667
C,northbound,2016-04-14 06:10:25,2016-04-14 06:11:16,0.85
C,northbound,2016-04-14 16:12:33,2016-04-14 16:12:27,-0.1
C,northbound,2016-04-14 13:45:31,2016-04-14 13:41:00,-4.516666666666667
C,northbound,2016-04-14 11:21:28,2016-04-14 11:18:07,-3.35
C,northbound,2016-04-14 09:02:31,2016-04-14 09:00:33,-1.9666666666666666
C,northbound,2016-04-14 06:39:31,2016-04-14 06:33:30,-6.016666666666667
C,northbound,2016-04-14 18:37:31,2016-04-14 18:38:26,0.9166666666666666
C,northbound,2016-04-14 16:19:33,2016-04-14 16:19:55,0.36666666666666664
C,northbound,2016-04-14 22:00:25,2016-04-14 21:58:08,-2.283333333333333
C,northbound,2016-04-14 19:30:28,2016-04-14 19:28:50,-1.6333333333333333
C,northbound,2016-04-14 17:08:33,2016-04-14 17:10:39,2.1
C,northbound,2016-04-14 21:15:25,2016-04-14 21:22:29,7.066666666666666
C,northbound,2016-04-14 18:57:28,2016-04-14 18:58:09,0.6833333333333333
C,northbound,2016-04-14 07:33:31,2016-04-14 07:35:05,1.5666666666666667
C,northbound,2016-04-13 10:21:28,2016-04-13 10:16:58,-4.5
C,northbound,2016-04-13 08:06:31,2016-04-13 08:02:08,-4.383333333333334
C,northbound,2016-04-13 06:00:25,2016-04-13 05:59:40,-0.75
C,northbound,2016-04-13 11:33:28,2016-04-13 11:34:10,0.7
C,northbound,2016-04-13 09:10:28,2016-04-13 09:06:28,-4.0
C,northbound,2016-04-13 06:46:31,2016-04-13 06:44:18,-2.216666666666667
C,northbound,2016-04-13 09:25:28,2016-04-13 09:25:45,0.2833333333333333
C,northbound,2016-04-13 07:02:31,2016-04-13 07:06:30,3.9833333333333334
C,northbound,2016-04-13 18:19:31,2016-04-13 18:18:20,-1.1833333333333333
C,northbound,2016-04-13 15:58:31,2016-04-13 15:56:16,-2.25
C,northbound,2016-04-13 17:15:33,2016-04-13 17:11:27,-4.1
C,northbound,2016-04-13 14:42:31,2016-04-13 14:48:15,5.733333333333333
C,northbound,2016-04-13 12:21:28,2016-04-13 12:21:08,-0.3333333333333333
C,northbound,2016-04-13 09:57:28,2016-04-13 09:59:09,1.6833333333333333
C,northbound,2016-04-13 07:41:31,2016-04-13 07:44:01,2.5
C,northbound,2016-04-13 18:37:31,2016-04-13 18:36:51,-0.6666666666666666
C,northbound,2016-04-13 16:19:33,2016-04-13 16:18:21,-1.2
C,northbound,2016-04-13 07:51:31,2016-04-13 07:48:28,-3.05
C,northbound,2016-04-13 03:25:25,2016-04-13 03:20:51,-4.566666666666666
C,northbound,2016-04-13 23:00:25,2016-04-13 22:56:58,-3.45
C,northbound,2016-04-13 20:43:25,2016-04-13 20:40:54,-2.5166666666666666
C,northbound,2016-04-13 20:00:25,2016-04-13 20:03:11,2.7666666666666666
C,northbound,2016-04-12 16:47:33,2016-04-12 16:48:23,0.8333333333333334
C,northbound,2016-04-12 14:20:31,2016-04-12 14:20:52,0.35
C,northbound,2016-04-12 12:09:28,2016-04-12 12:09:49,0.35
C,northbound,2016-04-12 09:45:28,2016-04-12 09:44:07,-1.35
C,northbound,2016-04-12 07:33:31,2016-04-12 07:38:01,4.5
C,northbound,2016-04-12 21:30:25,2016-04-12 21:30:11,-0.23333333333333334
C,northbound,2016-04-12 19:17:28,2016-04-12 19:23:32,6.066666666666666
C,northbound,2016-04-12 07:51:31,2016-04-12 07:54:37,3.1
C,northbound,2016-04-12 22:45:25,2016-04-12 22:44:48,-0.6166666666666667
C,northbound,2016-04-12 20:27:25,2016-04-12 20:28:51,1.4333333333333333
C,northbound,2016-04-12 18:10:31,2016-04-12 18:10:49,0.3
C,northbound,2016-04-12 13:33:28,2016-04-12 13:30:29,-2.9833333333333334
C,northbound,2016-04-12 15:50:31,2016-04-12 15:50:19,-0.2
C,northbound,2016-04-12 11:09:28,2016-04-12 11:07:39,-1.8166666666666667
C,northbound,2016-04-12 08:51:31,2016-04-12 08:53:06,1.5833333333333333
C,northbound,2016-04-12 17:15:33,2016-04-12 17:13:39,-1.9
C,northbound,2016-04-12 14:42:31,2016-04-12 14:44:15,1.7333333333333334
C,northbound,2016-04-12 12:21:28,2016-04-12 12:21:53,0.4166666666666667
C,northbound,2016-04-12 09:57:28,2016-04-12 09:59:11,1.7166666666666666
C,northbound,2016-04-12 09:25:28,2016-04-12 09:24:40,-0.8
C,northbound,2016-04-12 07:02:31,2016-04-12 07:02:04,-0.45
C,northbound,2016-04-12 08:38:31,2016-04-12 08:36:34,-1.95
C,northbound,2016-04-11 07:51:31,2016-04-11 07:57:50,6.316666666666666
C,northbound,2016-04-11 18:01:31,2016-04-11 17:59:28,-2.05
C,northbound,2016-04-11 15:34:31,2016-04-11 15:30:12,-4.316666666666666
C,northbound,2016-04-11 18:47:31,2016-04-11 18:45:15,-2.2666666666666666
C,northbound,2016-04-11 16:12:33,2016-04-11 16:12:13,-0.3333333333333333
C,northbound,2016-04-11 13:45:31,2016-04-11 13:43:28,-2.05
C,northbound,2016-04-11 11:21:28,2016-04-11 11:16:52,-4.6
C,northbound,2016-04-11 09:02:31,2016-04-11 08:59:24,-3.1166666666666667
C,northbound,2016-04-11 06:39:31,2016-04-11 06:36:31,-3.0
C,northbound,2016-04-11 02:10:25,2016-04-11 02:07:39,-2.7666666666666666
C,northbound,2016-04-11 00:00:25,2016-04-10 23:59:39,-0.7666666666666667
C,northbound,2016-04-11 21:45:25,2016-04-11 21:46:57,1.5333333333333334
C,northbound,2016-04-11 07:47:31,2016-04-11 07:45:35,-1.9333333333333333
C,northbound,2016-04-11 18:37:31,2016-04-11 18:39:54,2.3833333333333333
C,northbound,2016-04-11 16:19:33,2016-04-11 16:21:19,1.7666666666666666
C,northbound,2016-04-11 08:38:31,2016-04-11 08:34:59,-3.533333333333333
C,northbound,2016-04-11 06:20:25,2016-04-11 06:22:00,1.5833333333333333
C,northbound,2016-04-11 09:25:28,2016-04-11 09:23:13,-2.25
C,northbound,2016-04-11 07:02:31,2016-04-11 07:02:14,-0.2833333333333333
C,northbound,2016-04-11 19:30:28,2016-04-11 19:30:14,-0.23333333333333334
C,northbound,2016-04-11 17:08:33,2016-04-11 17:07:44,-0.8166666666666667
C,northbound,2016-04-11 08:22:31,2016-04-11 08:15:49,-6.7
C,northbound,2016-04-10 21:15:25,2016-04-10 21:16:52,1.45
C,northbound,2016-04-10 16:30:28,2016-04-10 16:24:50,-5.633333333333334
C,northbound,2016-04-10 14:00:28,2016-04-10 13:54:04,-6.4
C,northbound,2016-04-10 11:30:28,2016-04-10 11:23:31,-6.95
C,northbound,2016-04-10 09:00:28,2016-04-10 08:50:15,-10.216666666666667
C,northbound,2016-04-10 22:00:25,2016-04-10 21:59:32,-0.8833333333333333
C,northbound,2016-04-10 19:45:25,2016-04-10 19:48:55,3.5
C,northbound,2016-04-10 17:30:28,2016-04-10 17:26:15,-4.216666666666667
C,northbound,2016-04-10 15:00:28,2016-04-10 14:54:24,-6.066666666666666
C,northbound,2016-04-10 12:30:28,2016-04-10 12:28:26,-2.033333333333333
C,northbound,2016-04-10 10:00:28,2016-04-10 09:55:34,-4.9
C,northbound,2016-04-10 07:45:28,2016-04-10 07:43:46,-1.7
C,northbound,2016-04-10 05:45:28,2016-04-10 05:44:54,-0.5666666666666667
C,northbound,2016-04-10 22:45:25,2016-04-10 22:46:22,0.95
C,northbound,2016-04-10 20:30:25,2016-04-10 20:30:25,0.0
C,northbound,2016-04-10 18:15:28,2016-04-10 18:10:29,-4.983333333333333
C,northbound,2016-04-10 15:45:28,2016-04-10 15:41:00,-4.466666666666667
C,northbound,2016-04-10 13:15:28,2016-04-10 13:11:36,-3.8666666666666667
C,northbound,2016-04-10 10:45:28,2016-04-10 10:40:56,-4.533333333333333
C,northbound,2016-04-10 06:15:28,2016-04-10 06:11:37,-3.85
C,northbound,2016-04-10 17:00:28,2016-04-10 16:56:54,-3.566666666666667
C,northbound,2016-04-10 20:15:25,2016-04-10 20:18:21,2.933333333333333
